"ID","Entry","Line","Acc","Race","Stock","Geo.class","Elevation.class","Group","Lat","Lon","Elevation","Block","ABS_X","ABS_Y","P_code","P_level","Seed_wt_12k","Mites","Stem","Height","Leaf.Area","Spad","Leaf_FW","Root_FW"
"MZ65001",11,"C_2","","","PT","C","N","C",NA,NA,NA,1,85,695,"P1",1,2.06,0,0.6,8,245.7,31.3,11.13,4.92
"MZ65002",131,"AN_25","MEXI386","CONICO","CIMMYTMA-019359","A","H","A",19.03333333,-100.0333333,1956,1,95,695,"P1",1,4.18,0,0.8,27,355.9,28.6,15.42,13.36
"MZ65003",18,"C_3","","","CML530","C","N","C",NA,NA,NA,1,104,695,"P1",1,3.64,1,0.8,14,271.9,24.7,10.46,10.43
"MZ65004",107,"SA_3.Low","ECUA","","CIMMYTMA-010248","S","L","S.L",-2.761385,-79.747472,2,1,114,695,"P1",1,3.57,0,0.6,14.5,376,18.2,9.48,12.69
"MZ65005",74,"SA_1.Low","BOLI434","","CIMMYTMA-016874","S","L","S.L",-17.898168,-63.308388,516,1,123,695,"P1",1,3.43,0,0.8,16,407.9,21.2,13.58,15.87
"MZ65006",33,"Mex_16.High","CHIH474","CELAYA","CIMMYTMA-021113","M","H","M.H",28.53333333,-106.6333333,2141,1,133,695,"P1",1,4.66,0,1,16,453.6,26.2,15,NA
"MZ65007",62,"Mex_30.High","GUAN4","CELAYA","CIMMYTMA-000554","M","H","M.H",21.01666667,-101.25,2064,1,143,695,"P1",1,9.31,1,0.8,19,413.9,25.9,12.1,18.5
"MZ65008",70,"Mex_8.High","PUEB384","CONICO","CIMMYTMA-007584","M","H","M.H",19.28333333,-98.43333333,2261,1,152,695,"P1",1,5.14,0,0.8,21,465.7,27.9,12.4,16.9
"MZ65009",84,"SA_17.High","ARGE521","","CIMMYTMA-008025","S","H","S.H",-23.2,-65.35,2973,1,162,695,"P1",1,3.13,0,0.5,10,152.8,24.7,5.27,6.88
"MZ65010",50,"Mex_23.Low","VERA272","TUXPEN","CIMMYTMA-025845","M","L","M.L",21.51666667,-98.38333333,42,1,171,695,"P1",1,4.26,0,0.5,13,322.9,17.2,10.1,15.07
"MZ65011",1,"C_1","","","B73","C","N","C",NA,NA,NA,1,181,695,"P1",1,2.17,1,0.5,8,145.5,25.8,4.2,4
"MZ65012",89,"SA_20.High","CAJ.138","","CIMMYTMA-024894","S","H","S.H",-6.55,-78.65,2391,1,190,695,"P1",1,3.82,0,0.7,12.5,288.2,27.7,9.77,22.28
"MZ65013",51,"Mex_24.High","QUER111","","CIMMYTMA-025151","M","H","M.H",20.175815,-100.139433,2674,1,85,705,"P1",1,6.62,0,0.6,21,289.6,36.6,10.18,16.06
"MZ65014",27,"Mex_12.High","ZACA134","CONNOR","CIMMYTMA-019483","M","H","M.H",22.902593,-103.478062,2019,1,95,705,"P1",1,3.71,0,0.8,22,286.3,31.9,11.56,11.2
"MZ65015",19,"C_4","","","Mo17","C","N","C",NA,NA,NA,1,104,705,"P1",1,3.46,0,0.8,15.5,242.1,24.8,NA,NA
"MZ65016",56,"Mex_28.High","CHIH140","GORDO","CIMMYTMA-007937","M","H","M.H",29.65,-108.25,2141,1,114,705,"P1",1,3.66,0,0.8,18.5,463.8,19.6,16.6,11.4
"MZ65017",57,"Mex_29.High","DURA33","CONNOR","CIMMYTMA-013374","M","H","M.H",24.470342,-104.120767,2030,1,123,705,"P1",1,3.55,0,0.6,27,374.4,26.8,15.8,14.1
"MZ65018",136,"AN_16","MICH329","CONICO","CIMMYTMA-005589","A","H","A",19.68333333,-101.9666667,2292,1,133,705,"P1",1,3.94,0,NA,NA,NA,NA,NA,NA
"MZ65019",68,"Mex_7.Low","VERA126","TUXPEN","CIMMYTMA-000686","M","L","M.L",18.589859,-95.436809,30,1,143,705,"P1",1,7.08,0,0.7,16,332,29.4,10.3,13.3
"MZ65020",97,"SA_24.High","PERU675","","CIMMYTMA-012541","S","H","S.H",-9.176536,-77.723683,2453,1,152,705,"P1",1,6.3,0,0.6,17,271.6,31.5,13.7,15.1
"MZ65021",127,"AN_28","VERA35","PALOME","CIMMYTMA-001531","A","H","A",19.539917,-97.251249,2451,1,162,705,"P1",1,2.29,0,0.8,20.5,227.9,26.9,8.8,8.54
"MZ65022",135,"AN_9","MICH320","CONICO","CIMMYTMA-005582","A","H","A",19.423751,-101.559319,2483,1,171,705,"P1",1,3.03,1,0.6,23.5,324.3,14.4,NA,NA
"MZ65023",37,"Mex_18.High","JALI576","CELAYA","CIMMYTMA-021313","M","H","M.H",21.01666667,-102.1666667,2055,1,181,705,"P1",1,3.37,1,0.7,22.5,316.5,27.9,NA,14.78
"MZ65024",29,"Mex_13.High","QUER56","CONNOR","CIMMYTMA-001535","M","H","M.H",20.7,-99.8,2039,1,190,705,"P1",1,6.06,1,0.4,14,159.4,36.6,5.4,4.9
"MZ65025",59,"Mex_3.Low","VERA77","TUXPEN","CIMMYTMA-002335","M","L","M.L",20.43027778,-97.382222,109,1,85,714,"P1",1,4.79,0,0.7,22,289.8,28.5,20.8,20.77
"MZ65026",79,"SA_13.High","PERU511","","CIMMYTMA-008361","S","H","S.H",-12.93333333,-74.25,2655,1,95,714,"P1",1,4.01,0,0.6,20.5,314.7,29.1,12.55,18.24
"MZ65027",28,"Mex_12.Low","SNLP143","CONICO","CIMMYTMA-023628","M","L","M.L",21.93333333,-100,994,1,104,714,"P1",1,4.99,1,0.7,12,375.6,19.4,10.5,13.7
"MZ65028",123,"AN_21","MEXI84","CONICO","CIMMYTMA-001380","A","H","A",19.448336,-100.18125,2939,1,114,714,"P1",1,3.11,0,0.3,12,103,29.5,4.31,3.81
"MZ65029",41,"Mex_2.Low","JALI386","","CIMMYTMA-023713","M","L","M.L",19.76666667,-104.35,907,1,123,714,"P1",1,5.69,1,0.7,20,339.6,31.7,12.9,17.15
"MZ65030",111,"SA_4.High","BOLI683","","CIMMYTMA-018676","S","H","S.H",-16.5,-68.15,3929,1,133,714,"P1",1,3.1,0,0.7,15,379.7,25.2,12.12,12.24
"MZ65031",31,"Mex_14.Low","CHIS533","OLOTIL","CIMMYTMA-025041","M","L","M.L",16.7,-93.71666667,547,1,143,714,"P1",1,3.6,0,0.8,15,386,24.8,11.08,12.11
"MZ65032",35,"Mex_17.High","OAXA69","","CIMMYTMA-013920","M","H","M.H",17.45,-97.21666667,2083,1,152,714,"P1",1,2.8,1,0.7,15,189.2,30,6.4,4.55
"MZ65033",120,"SA_9.High","CUZ.351","PISCCO","CIMMYTMA-018242","S","H","S.H",-13.420293,-72.2085,3326,1,162,714,"P1",1,4.43,1,0.6,24,397.3,27.3,15.66,24.8
"MZ65034",137,"AN_17","MICH348","MUSHIT","CIMMYTMA-005599","A","H","A",19.56666667,-102.2666667,2416,1,171,714,"P1",1,3.68,1,0.6,19,297.8,25.5,11.5,11.4
"MZ65035",122,"AN_26","MEXI210","PALOME","CIMMYTMA-001374","A","H","A",18.969351,-99.399159,2445,1,181,714,"P1",1,2.25,0,0.6,21,249.4,32.8,NA,NA
"MZ65036",133,"AN_29","VERA89","CONICO","CIMMYTMA-002336","A","H","A",19.61666667,-97.08333333,2634,1,190,714,"P1",1,2.91,1,0.5,20,297.6,32.2,11,13.6
"MZ65037",91,"SA_21.High","JUN.160","SNJERO","CIMMYTMA-024925","S","H","S.H",-11.904015,-75.321984,3315,1,85,724,"P1",1,5.98,0,0.7,15.5,358.1,29.9,11.6,10.8
"MZ65038",76,"SA_10.High","CHZM01070","HARTAR","CIMMYTMA-014497","S","H","S.H",-19.314057,-69.419454,2430,1,95,724,"P1",1,5.06,0,1.7,19.5,369.4,24.8,14.12,20.25
"MZ65039",92,"SA_21.Low","PERU1124","ENANO","CIMMYTMA-009025","S","L","S.L",-12,-70.25,234,1,104,724,"P1",1,3.03,0,0.6,13.5,374.3,24.1,10.93,9.73
"MZ65040",69,"Mex_8.Low","COLI26","","CIMMYTMA-023180","M","L","M.L",19.33205,-103.731987,720,1,114,724,"P1",1,3.71,0,0.8,21,359,27.1,14,16.9
"MZ65041",13,"C_3","","","CML530","C","N","C",NA,NA,NA,1,123,724,"P1",1,3.86,0,0.8,14,314.9,25.8,9.45,14.17
"MZ65042",47,"Mex_22.High","GUAN333","","CIMMYTMA-013771","M","H","M.H",21.48333333,-101.2166667,2091,1,133,724,"P1",1,3.72,0,0.6,21,384.1,20.3,14.95,16
"MZ65043",25,"Mex_10.Low","OAXA520","ZAPCHI","CIMMYTMA-025027","M","L","M.L",16.478858,-95.001338,28,1,143,724,"P1",1,3.22,0,0.8,17,388.1,25.3,14.63,22.34
"MZ65044",44,"Mex_20.Low","COAH64","TUXPEN","CIMMYTMA-000449","M","L","M.L",28.26979,-100.726374,356,1,152,724,"P1",1,4.43,1,0.6,15,358.6,29.2,12.09,17.13
"MZ65045",81,"SA_14.Low","SNMART111","","CIMMYTMA-014578","S","L","S.L",-8.444628,-76.471549,580,1,162,724,"P1",1,2.91,1,0.8,14.5,448.4,24,13.55,16.81
"MZ65046",67,"Mex_7.High","TLAX525","","CIMMYTMA-026945","M","H","M.H",19.31666667,-97.91666667,2492,1,171,724,"P1",1,3.63,0,0.6,20.5,270.6,28.3,11.78,11.46
"MZ65047",15,"C_3","","","CML530","C","N","C",NA,NA,NA,1,181,724,"P1",1,3.33,0,0.7,15,240.5,22.6,10.53,11.26
"MZ65048",86,"SA_18.Low","BOZM1162","","CIMMYTMA-015086","S","L","S.L",-14.31666667,-67.36666667,189,1,190,724,"P1",1,3.33,1,0.4,6.5,194.2,30.1,5.5,6.66
"MZ65049",117,"SA_8.High","LIB.114","SHAJAT","CIMMYTMA-012342","S","H","S.H",-7.804269,-78.041914,3217,1,85,733,"P1",1,5.31,0,0.6,16.5,285.4,30.9,12.25,19.89
"MZ65050",4,"C_1","","","B73","C","N","C",NA,NA,NA,1,95,733,"P1",1,2.27,0,0.4,10.5,181.9,25.8,5.67,4.46
"MZ65051",55,"Mex_28.Low","SONO115","TABPER","CIMMYTMA-007294","M","L","M.L",28.975149,-109.395459,454,1,104,733,"P1",1,4.91,0,1,20,514,21.2,11.7,16.85
"MZ65052",142,"AN_32","VERA324","CHALQU","CIMMYTMA-005640","A","H","A",19.35,-97.15,2152,1,114,733,"P1",1,3.26,0,0.8,12,339.3,25.8,11.48,11.26
"MZ65053",54,"Mex_26.Low","VERA118","TUXPEN","CIMMYTMA-002345","M","L","M.L",19.855393,-96.708139,372,1,123,733,"P1",1,3.63,0,0.6,19.5,367,36.9,11.38,12.7
"MZ65054",141,"AN_31","VERA321","ARROAM","CIMMYTMA-005638","A","H","A",19.61666667,-97.16666667,2552,1,133,733,"P1",1,2.7,0,NA,NA,NA,NA,NA,NA
"MZ65055",115,"SA_7.High","APUC.169","CHUNCH","CIMMYTMA-012231","S","H","S.H",-13.650254,-72.89971,2154,1,143,733,"P1",1,3.69,1,1.6,19,333.1,25.4,11.35,18.5
"MZ65056",71,"Mex_9.Low","HIDA184","CONICO","CIMMYTMA-020752","M","L","M.L",21.062344,-98.870068,436,1,152,733,"P1",1,3.39,0,0.5,37.5,307.5,31,16.9,12.35
"MZ65057",58,"Mex_29.Low","SINA2","CHAPAL","CIMMYTMA-000861","M","L","M.L",24.824405,-107.460246,46,1,162,733,"P1",1,5.74,1,0.7,15,351.8,22.5,10,13.1
"MZ65058",129,"AN_33","PUEB542","PALOME","CIMMYTMA-016446","A","H","A",19.28333333,-97.33333333,2514,1,171,733,"P1",1,2.24,1,0.7,24.5,257,28.2,11.7,11.4
"MZ65059",5,"C_1","","","B73","C","N","C",NA,NA,NA,1,181,733,"P1",1,2.45,1,0.7,11,214.5,24.1,6.2,5
"MZ65060",14,"C_3","","","CML530","C","N","C",NA,NA,NA,1,190,733,"P1",1,3.65,1,0.5,12,217.1,26.1,7.66,9.52
"MZ65061",64,"Mex_5.Low","NAYA70","TABLON","CIMMYTMA-018888","M","L","M.L",22.417143,-105.46224,11,1,85,743,"P1",1,4.46,0,0.5,5.5,484.4,23.9,14.5,24.6
"MZ65062",93,"SA_22.High","HCO.140","","CIMMYTMA-018244","S","H","S.H",-9.408282,-76.557515,3135,1,95,743,"P1",1,5.48,0,0.5,13.5,287,33.8,8.8,8.6
"MZ65063",105,"SA_29.High","ARZM09063","PISING","CIMMYTMA-024483","S","H","S.H",-23.534009,-65.76493,3488,1,104,743,"P1",1,1.91,1,0.6,22,329.9,23.8,13.8,8.3
"MZ65064",78,"SA_11.High","AREQ.164","","CIMMYTMA-018635","S","H","S.H",-16.471349,-71.47741,2495,1,114,743,"P1",1,6.02,1,0.7,22.5,375.5,26,13.18,16.19
"MZ65065",22,"C_4","","","Mo17","C","N","C",NA,NA,NA,1,123,743,"P1",1,3.3,1,0.5,13,168.3,25,5.7,5.29
"MZ65066",101,"SA_27.Low","ICA42","","CIMMYTMA-016818","S","L","S.L",-14.660126,-75.219284,236,1,133,743,"P1",1,4.03,0,0.4,18,249.3,22.8,8.9,9.6
"MZ65067",42,"Mex_2.High","PUEB 32","CONICO","CIMMYTMA-002276","M","H","M.H",19.83333333,-98.03333333,2325,1,143,743,"P1",1,6.8,1,0.4,24.5,326.3,31.8,14.52,17.91
"MZ65068",53,"Mex_26.High","MEXI193","","CIMMYTMA-018374","M","H","M.H",19.97,-99.52,2418,1,152,743,"P1",1,3.76,1,0.5,32,301.6,32.9,15.6,14.8
"MZ65069",128,"AN_24","MEXI103","CONICO","CIMMYTMA-016007","A","H","A",19.353139,-99.796835,2636,1,162,743,"P1",1,2.31,0,0.5,21.5,276,24,11.29,7.88
"MZ65070",132,"AN_14","MICH414","MUSHIT","CIMMYTMA-002098","A","H","A",19.73333333,-102.0833333,2129,1,171,743,"P1",1,4.47,1,0.6,29,336.3,22.2,18.39,13.15
"MZ65071",103,"SA_28.High","PIUR106","","CIMMYTMA-012440","S","H","S.H",-4.635925,-79.710107,2641,1,181,743,"P1",1,3.8,1,0.6,14.5,283.3,26.8,10.9,20.5
"MZ65072",32,"Mex_14.High","OAXA350","CONICO","CIMMYTMA-006081","M","H","M.H",17.190837,-97.867153,2338,1,190,743,"P1",1,2.9,1,0.5,13,276.6,25.9,10.52,18.52
"MZ65073",20,"C_4","","","Mo17","C","N","C",NA,NA,NA,1,85,753,"P1",1,3.37,0,0.4,9.5,147.6,25.9,4.79,6.62
"MZ65074",130,"AN_23","MEXI250","CHALQU","CIMMYTMA-016600","A","H","A",19.622791,-98.914614,2259,1,95,753,"P1",1,4.12,0,0.6,20,372.6,25.9,14.31,14.88
"MZ65075",108,"SA_3.High","ECUAX14210","MEZCLA","CIMMYTMA-013311","S","H","S.H",-3.620286,-79.237167,2497,1,104,753,"P1",1,6.71,0,0.3,8.5,65.4,39.1,2.4,1.2
"MZ65076",144,"AN_22","MICH411","CHALQU","CIMMYTMA-009187","A","H","A",19.518555,-101.219653,2229,1,114,753,"P1",1,5.02,1,0.6,28,400.7,32.4,5.8,7.5
"MZ65077",48,"Mex_22.Low","VERA201","TEPECI","CIMMYTMA-003266","M","L","M.L",21.1,-97.75,88,1,123,753,"P1",1,5.02,0,1.5,16,361.4,29.2,11,14.5
"MZ65078",100,"SA_26.High","ECUA8833","MISHCA","CIMMYTMA-021797","S","H","S.H",-0.148041,-78.457937,2890,1,133,753,"P1",1,5.55,0,0.5,24.5,271.9,33.3,10.9,8.86
"MZ65079",12,"C_2","","","PT","C","N","C",NA,NA,NA,1,143,753,"P1",1,2.14,1,0.4,22,288.3,29.2,14.14,8.19
"MZ65080",106,"SA_29.Low","ARZM07041","PERLIT","CIMMYTMA-026714","S","L","S.L",-23.78,-61.48,175,1,152,753,"P1",1,2.82,1,0.4,12.5,223.6,19.6,7.81,14
"MZ65081",38,"Mex_18.Low","NAYA222","BOFO","CIMMYTMA-007076","M","L","M.L",21.71666667,-104.8833333,177,1,162,753,"P1",1,5.32,1,0.8,14,455.7,27.9,14.04,24.36
"MZ65082",7,"C_2","","","PT","C","N","C",NA,NA,NA,1,171,753,"P1",1,1.99,0,0.5,19.5,253,27.4,9.6,6.4
"MZ65083",6,"C_1","","","B73","C","N","C",NA,NA,NA,1,181,753,"P1",1,2.29,0,1.4,9.5,196,28.6,5.49,4.76
"MZ65084",65,"Mex_6.Low","GUER127","","CIMMYTMA-016261","M","L","M.L",17.560971,-101.262247,52,1,190,753,"P1",1,3.7,1,0.6,10,289,24.3,10.58,13.6
"MZ65085",75,"SA_10.Low","CHZM01008","HARTAR","CIMMYTMA-014453","S","L","S.L",-19.010405,-69.865865,700,1,85,762,"P1",1,5.17,1,0.3,10,148.1,27,2.09,5.46
"MZ65086",17,"C_3","","","CML530","C","N","C",NA,NA,NA,1,95,762,"P1",1,3.51,0,0.6,12.5,228.5,23.1,7.8,7.7
"MZ65087",88,"SA_2.Low","PERU1101","PIRICI","CIMMYTMA-009022","S","L","S.L",-12.623998,-73.094775,751,1,104,762,"P1",1,3.77,1,0.5,15,366.6,27.7,10.28,10.24
"MZ65088",45,"Mex_21.High","GUAT434","OLOTON","CIMMYTMA-005266","M","H","M.H",15.28333333,-91.43333333,2071,1,114,762,"P1",1,5.35,0,0.6,20,554.7,22.8,18.27,28.3
"MZ65089",36,"Mex_17.Low","BELI9","","CIMMYTMA-017793","M","L","M.L",17.08333333,-89.13333333,97,1,123,762,"P1",1,2.88,0,0.4,12,204,28.1,17.65,21.81
"MZ65090",85,"SA_18.High","CUZ.196","","CIMMYTMA-012290","S","H","S.H",-13.52122,-73.720696,2813,1,133,762,"P1",1,4.35,1,0.5,22.5,360.3,26.7,15.37,21.64
"MZ65091",99,"SA_26.Low","ECUA652","","CIMMYTMA-017379","S","L","S.L",-1.066298,-80.44021,36,1,143,762,"P1",1,4.09,1,0.5,15.5,412.7,24.9,12.42,18.37
"MZ65092",121,"AN_19","MICH230","VANDEN","CIMMYTMA-013353","A","H","A",19.469084,-102.06122,1902,1,152,762,"P1",1,3.16,1,0.6,23,371.6,21.7,13.82,20.82
"MZ65093",87,"SA_2.High","HVCA.15","","CIMMYTMA-012291","S","H","S.H",-12.634544,-74.86529,3263,1,162,762,"P1",1,3.66,0,0.5,21.5,423.9,21.4,13,10.1
"MZ65094",110,"SA_31.High","ECUA12675","","CIMMYTMA-028370","S","H","S.H",-1.180281,-78.559788,2753,1,171,762,"P1",1,4.7,1,0.4,19,267.2,35.6,12.84,10
"MZ65095",102,"SA_27.High","CUZ.290","","CIMMYTMA-024902","S","H","S.H",-13.950973,-71.744682,3061,1,181,762,"P1",1,7.64,1,0.6,24.5,491.6,26.6,9.94,16.85
"MZ65096",49,"Mex_23.High","JALI637","CELAYA","CIMMYTMA-021332","M","H","M.H",20.81666667,-102.6666667,2017,1,190,762,"P1",1,5.46,1,0.5,17.5,210.4,25.8,7.56,7.65
"MZ65097",112,"SA_4.Low","BOZM0704","CUBAAM","CIMMYTMA-028912","S","L","S.L",-17.41666667,-60.66666667,324,1,85,772,"P1",1,3.8,0,0.5,11,359.8,25.4,9.94,17.91
"MZ65098",10,"C_2","","","PT","C","N","C",NA,NA,NA,1,95,772,"P1",1,2,0,0.4,22,220.1,29.1,8.42,7.78
"MZ65099",30,"Mex_13.Low","NAYA149","TUXPEN","CIMMYTMA-007026","M","L","M.L",21.2,-105.1666667,8,1,104,772,"P1",1,5.31,0,0.4,11.5,306.2,28.5,8.74,12.97
"MZ65100",104,"SA_28.Low","PIUR152","","CIMMYTMA-026035","S","L","S.L",-4.872712,-80.711375,49,1,114,772,"P1",1,2.98,0,0.6,16.5,344.7,24.9,11.61,11.62
"MZ65101",34,"Mex_16.Low","SONO169","ONAVEN","CIMMYTMA-007344","M","L","M.L",29.43544,-110.367266,390,1,123,772,"P1",1,3.81,0,0.6,15,330.1,24.5,13.32,14.48
"MZ65102",114,"SA_6.Low","UCAYAL9","","CIMMYTMA-014588","S","L","S.L",-9.028934,-75.513495,306,1,133,772,"P1",1,3.14,0,0.6,13.5,279.4,22.2,8.79,12
"MZ65103",139,"AN_11","MICH376","MUSHIT","CIMMYTMA-005618","A","H","A",19.28333333,-101.6333333,2293,1,143,772,"P1",1,3.73,1,0.4,22,323.1,22.4,12.2,17.06
"MZ65104",60,"Mex_3.High","MEX 48","CHALQU","CIMMYTMA-001398","M","H","M.H",19.698838,-99.099857,2247,1,152,772,"P1",1,8.6,1,0.6,24,455.5,27.7,19.62,18
"MZ65105",94,"SA_22.Low","PAS.18","","CIMMYTMA-026034","S","L","S.L",-10.33333333,-74.9,252,1,162,772,"P1",1,3.39,0,0.5,13,306,27.8,8.6,12.1
"MZ65106",113,"SA_6.High","ANC.526","","CIMMYTMA-012085","S","H","S.H",-9.385108,-77.240432,3524,1,171,772,"P1",1,3.53,1,0.4,16.5,225.4,29.8,7,8.5
"MZ65107",119,"SA_9.Low","LIM.76","","CIMMYTMA-016832","S","L","S.L",-12.73333333,-76.46666667,260,1,181,772,"P1",1,3.31,0,0.5,13,341.8,23.7,21.7,22.5
"MZ65108",24,"C_4","","","Mo17","C","N","C",NA,NA,NA,1,190,772,"P1",1,3.59,1,0.5,12.5,205.1,29.7,6.23,8.78
"MZ65109",96,"SA_23.High","BOYA371","SABANE","CIMMYTMA-022843","S","H","S.H",5.399671,-73.101212,2150,1,85,781,"P1",1,4.15,0,0.6,16.5,328.2,24,14.31,15.15
"MZ65110",125,"AN_13","MICH195","CHALQU","CIMMYTMA-001456","A","H","A",19.66666667,-101.9166667,2430,1,95,781,"P1",1,3.24,1,0.4,21.5,221.7,29.5,9.8,7.9
"MZ65111",109,"SA_31.Low","ECUA323","","CIMMYTMA-007876","S","L","S.L",-1.786495,-79.274037,98,1,104,781,"P1",1,3.56,1,0.4,17,358.2,27.1,11.02,15.28
"MZ65112",21,"C_4","","","Mo17","C","N","C",NA,NA,NA,1,114,781,"P1",1,3.4,0,0.5,13,202.4,28.4,6.77,5.54
"MZ65113",126,"AN_20","MICH52","CONICO","CIMMYTMA-001467","A","H","A",19.652002,-100.593265,2180,1,123,781,"P1",1,4.19,1,0.5,23,384.1,26.6,13.1,11.66
"MZ65114",43,"Mex_20.High","CHIH515","CONNOR","CIMMYTMA-021154","M","H","M.H",28.55,-107.5,2046,1,133,781,"P1",1,3.71,0,NA,NA,NA,NA,NA,NA
"MZ65115",39,"Mex_19.High","JALI348","CELAYA","CIMMYTMA-016642","M","H","M.H",21.88333333,-101.5833333,2213,1,143,781,"P1",1,4.61,0,0.5,22,279.3,31.9,10.24,10.11
"MZ65116",95,"SA_23.Low","CALD369","","CIMMYTMA-019738","S","L","S.L",5.32,-74.92,840,1,152,781,"P1",1,4.44,1,0.6,13,338.2,32.3,11.99,13.35
"MZ65117",73,"SA_1.High","BOZM0881","","CIMMYTMA-015032","S","H","S.H",-17.55,-65.83333333,2725,1,162,781,"P1",1,4.32,0,0.4,19,266.9,32.4,11,12.09
"MZ65118",40,"Mex_19.Low","NAYA223","BOFO","CIMMYTMA-023971","M","L","M.L",22.274119,-104.469957,648,1,171,781,"P1",1,3.76,1,0.5,10,296.4,27.3,6.8,12.3
"MZ65119",9,"C_2","","","PT","C","N","C",NA,NA,NA,1,181,781,"P1",1,1.84,1,0.5,19,157.3,31.8,5.89,9.43
"MZ65120",61,"Mex_30.Low","QUER50","TUXPEN","CIMMYTMA-000547","M","L","M.L",21.445085,-99.632358,562,1,190,781,"P1",1,7.4,0,0.6,12,283.1,22.4,9.38,15.75
"MZ65121",116,"SA_7.Low","BOLI1060","","CIMMYTMA-017281","S","L","S.L",-14.389555,-65.195133,149,1,85,791,"P1",1,3.57,1,0.4,9,197.2,22.4,5.8,7.2
"MZ65122",72,"Mex_9.High","AGUC67","CONNOR","CIMMYTMA-027102","M","H","M.H",21.921424,-102.13202,2042,1,95,791,"P1",1,3.37,1,0.5,22,181.1,29.1,14.55,17.29
"MZ65123",134,"AN_8","MICH316","CELAYA","CIMMYTMA-005578","A","H","A",19.33333333,-101.4666667,2233,1,104,791,"P1",1,3.38,0,0.4,20.5,233,29.3,9.92,10.47
"MZ65124",124,"AN_22","MEXI66","CHALQU","CIMMYTMA-001395","A","H","A",19.412596,-100.121224,2568,1,114,791,"P1",1,3.84,NA,NA,NA,NA,NA,NA,NA
"MZ65125",80,"SA_13.Low","PERU611","","CIMMYTMA-008367","S","L","S.L",-12.130747,-76.950627,305,1,123,791,"P1",1,3.96,0,0.5,14.5,320.1,32,8.2,12.8
"MZ65126",23,"C_4","","","Mo17","C","N","C",NA,NA,NA,1,133,791,"P1",1,3.35,0,0.5,12,192.2,23.3,8.18,7.33
"MZ65127",2,"C_1","","","B73","C","N","C",NA,NA,NA,1,143,791,"P1",1,2.37,0,0.3,10,155.4,26.8,4,2.9
"MZ65128",143,"AN_18","MICH336","TABLON","CIMMYTMA-008072","A","L","A",19.376847,-102.486984,1319,1,152,791,"P1",1,5.22,1,0.5,13.5,283.7,21.9,8.22,14.48
"MZ65129",77,"SA_11.Low","BOZM0708","CUBAAM","CIMMYTMA-014998","S","L","S.L",-16.777628,-60.657169,300,1,162,791,"P1",1,4.61,1,0.5,15.5,325.4,23.3,10.95,12.59
"MZ65130",8,"C_2","","","PT","C","N","C",NA,NA,NA,1,171,791,"P1",1,2.1,0,0.4,20,180.3,24.9,7.8,5.7
"MZ65131",90,"SA_20.Low","LOR.16","","CIMMYTMA-026029","S","L","S.L",-7.221746,-75.298185,137,1,181,791,"P1",1,4.59,0,0.6,11,386.1,32.1,12.23,19.03
"MZ65132",52,"Mex_24.Low","NAYA312","","CIMMYTMA-025289","M","L","M.L",20.8,-104.4,800,1,190,791,"P1",1,5.06,1,0.5,13,254.7,21.6,12.04,18.04
"MZ65133",66,"Mex_6.High","OAXA724","BOLITA","CIMMYTMA-020218","M","H","M.H",16.9,-96.26666667,2164,1,85,800,"P1",1,4.18,0,0.5,8,231,28.8,6.7,10.2
"MZ65134",138,"AN_10","MICH374","MUSHIT","CIMMYTMA-005616","A","H","A",19.51666667,-101.7333333,2188,1,95,800,"P1",1,3.89,1,0.6,22.5,254.1,21.6,10.4,12.1
"MZ65135",82,"SA_14.High","PERU923","","CIMMYTMA-018202","S","H","S.H",-8.563063,-77.77292,3412,1,104,800,"P1",1,3.68,1,0.6,15.5,217.1,20.4,8.7,13.53
"MZ65136",63,"Mex_5.High","SNLP176","","CIMMYTMA-014017","M","H","M.H",23.13333333,-101.1166667,2043,1,114,800,"P1",1,3.83,1,0.7,17,328.9,28.5,10,10.98
"MZ65137",118,"SA_8.Low","SNMART124","","CIMMYTMA-026062","S","L","S.L",-7.174336,-76.692725,269,1,123,800,"P1",1,3.95,1,0.8,14.5,370.3,29.3,12.8,25.1
"MZ65138",140,"AN_30","VERA306","ARROAM","CIMMYTMA-005626","A","H","A",19.509446,-97.200757,3017,1,133,800,"P1",1,3.09,1,0.7,16.5,344.7,21.1,15.5,14.4
"MZ65139",46,"Mex_21.Low","CHIS 26","TEPECI","CIMMYTMA-000743","M","L","M.L",15.420631,-92.899516,35,1,143,800,"P1",1,6.66,0,0.5,12,300.5,25.3,7.6,9.9
"MZ65140",98,"SA_24.Low","PERU637","COLORA","CIMMYTMA-008993","S","L","S.L",-8.597077,-78.732381,14,1,152,800,"P1",1,5.94,0,0.8,11,219.2,32.8,7.2,9.3
"MZ65141",26,"Mex_10.High","CHIS846","","CIMMYTMA-027432","M","H","M.H",16.75,-92.63,2131,1,162,800,"P1",1,5.65,1,0.6,17,237.4,20.4,NA,NA
"MZ65142",83,"SA_17.Low","BOZM0258","CUBAAM","CIMMYTMA-014287","S","L","S.L",-22.537684,-64.40514,559,1,171,800,"P1",1,4.83,1,0.8,16,303.5,22.6,9.4,18.93
"MZ65143",16,"C_3","","","CML530","C","N","C",NA,NA,NA,1,181,800,"P1",1,3.39,1,0.5,12,139.7,19,7.1,8
"MZ65144",3,"C_1","","","B73","C","N","C",NA,NA,NA,1,190,800,"P1",1,2.16,1,0.7,9,196.9,26.5,5.3,4.9
"MZ65145",73,"SA_1.High","BOZM0881","","CIMMYTMA-015032","S","H","S.H",-17.55,-65.83333333,2725,2,285,695,"P3",333,4.32,0,0.8,20.5,305.9,21.2,14.45,18.6
"MZ65146",129,"AN_33","PUEB542","PALOME","CIMMYTMA-016446","A","H","A",19.28333333,-97.33333333,2514,2,295,695,"P3",333,2.24,0,1,27.3,332.1,18.3,20.57,14.68
"MZ65147",15,"C_3","","","CML530","C","N","C",NA,NA,NA,2,305,695,"P3",333,3.33,0,1,16,286.7,18,NA,NA
"MZ65148",115,"SA_7.High","APUC.169","CHUNCH","CIMMYTMA-012231","S","H","S.H",-13.650254,-72.89971,2154,2,315,695,"P3",333,3.69,0,0.8,20.2,321.5,27.4,14.5,14
"MZ65149",128,"AN_24","MEXI103","CONICO","CIMMYTMA-016007","A","H","A",19.353139,-99.796835,2636,2,325,695,"P3",333,2.31,0,0.8,29.6,371.7,17.4,22.6,17.8
"MZ65150",64,"Mex_5.Low","NAYA70","TABLON","CIMMYTMA-018888","M","L","M.L",22.417143,-105.46224,11,2,335,695,"P3",333,4.46,0,1.2,14.4,484.7,17.9,19.1,24.4
"MZ65151",81,"SA_14.Low","SNMART111","","CIMMYTMA-014578","S","L","S.L",-8.444628,-76.471549,580,2,345,695,"P3",333,2.91,0,1,16,397,20.5,15,21.1
"MZ65152",45,"Mex_21.High","GUAT434","OLOTON","CIMMYTMA-005266","M","H","M.H",15.28333333,-91.43333333,2071,2,355,695,"P3",333,5.35,0,1.1,20,375.9,26.4,17.69,24.38
"MZ65153",63,"Mex_5.High","SNLP176","","CIMMYTMA-014017","M","H","M.H",23.13333333,-101.1166667,2043,2,365,695,"P3",333,3.83,1,1,11.8,353.1,26.1,16.9,23.3
"MZ65154",101,"SA_27.Low","ICA42","","CIMMYTMA-016818","S","L","S.L",-14.660126,-75.219284,236,2,375,695,"P3",333,4.03,0,1,17,318.3,21.1,16.81,25.4
"MZ65155",1,"C_1","","","B73","C","N","C",NA,NA,NA,2,385,695,"P3",333,2.17,0,1.1,10.5,270.3,19.8,11.8,13.4
"MZ65156",143,"AN_18","MICH336","TABLON","CIMMYTMA-008072","A","L","A",19.376847,-102.486984,1319,2,395,695,"P3",333,5.22,0,1.2,13.5,389.4,22.8,NA,NA
"MZ65157",71,"Mex_9.Low","HIDA184","CONICO","CIMMYTMA-020752","M","L","M.L",21.062344,-98.870068,436,2,285,705,"P3",333,3.39,0,1.9,32,458.9,21,18.8,20.2
"MZ65158",44,"Mex_20.Low","COAH64","TUXPEN","CIMMYTMA-000449","M","L","M.L",28.26979,-100.726374,356,2,295,705,"P3",333,4.43,0,1.1,11.5,388.4,26,14.1,23.36
"MZ65159",67,"Mex_7.High","TLAX525","","CIMMYTMA-026945","M","H","M.H",19.31666667,-97.91666667,2492,2,305,705,"P3",333,3.63,0,1.2,21.5,503.6,22,27.61,25.37
"MZ65160",41,"Mex_2.Low","JALI386","","CIMMYTMA-023713","M","L","M.L",19.76666667,-104.35,907,2,315,705,"P3",333,5.69,0,1.2,26,459.9,19.4,21.76,23.59
"MZ65161",53,"Mex_26.High","MEXI193","","CIMMYTMA-018374","M","H","M.H",19.97,-99.52,2418,2,325,705,"P3",333,3.76,0,1.1,33.2,346.9,24.4,21.83,16.94
"MZ65162",6,"C_1","","","B73","C","N","C",NA,NA,NA,2,335,705,"P3",333,2.29,0,1.9,14.2,315.2,26.5,13.5,11.8
"MZ65163",52,"Mex_24.Low","NAYA312","","CIMMYTMA-025289","M","L","M.L",20.8,-104.4,800,2,345,705,"P3",333,5.06,0,1.1,22,319.1,19.1,13.5,21.3
"MZ65164",110,"SA_31.High","ECUA12675","","CIMMYTMA-028370","S","H","S.H",-1.180281,-78.559788,2753,2,355,705,"P3",333,4.7,0,NA,NA,NA,NA,NA,NA
"MZ65165",126,"AN_20","MICH52","CONICO","CIMMYTMA-001467","A","H","A",19.652002,-100.593265,2180,2,365,705,"P3",333,4.19,0,1.6,24.5,329.5,19.2,27.07,42.66
"MZ65166",111,"SA_4.High","BOLI683","","CIMMYTMA-018676","S","H","S.H",-16.5,-68.15,3929,2,375,705,"P3",333,3.1,0,1.3,19.9,382.2,21.4,16.6,22.1
"MZ65167",137,"AN_17","MICH348","MUSHIT","CIMMYTMA-005599","A","H","A",19.56666667,-102.2666667,2416,2,385,705,"P3",333,3.68,0,0.9,21.5,409.8,21.8,18,19.1
"MZ65168",82,"SA_14.High","PERU923","","CIMMYTMA-018202","S","H","S.H",-8.563063,-77.77292,3412,2,395,705,"P3",333,3.68,0,1.1,14.9,337,28.6,15.6,23.4
"MZ65169",93,"SA_22.High","HCO.140","","CIMMYTMA-018244","S","H","S.H",-9.408282,-76.557515,3135,2,285,714,"P3",333,5.48,0,1.1,22.9,356.9,26.2,16.2,27.2
"MZ65170",48,"Mex_22.Low","VERA201","TEPECI","CIMMYTMA-003266","M","L","M.L",21.1,-97.75,88,2,295,714,"P3",333,5.02,0,0.7,12.4,211.9,32.5,8.2,9.9
"MZ65171",122,"AN_26","MEXI210","PALOME","CIMMYTMA-001374","A","H","A",18.969351,-99.399159,2445,2,305,714,"P3",333,2.25,0,0.9,31,335,27.9,20.2,19.9
"MZ65172",98,"SA_24.Low","PERU637","COLORA","CIMMYTMA-008993","S","L","S.L",-8.597077,-78.732381,14,2,315,714,"P3",333,5.94,0,1,21.1,412.6,21.5,19.58,26.96
"MZ65173",140,"AN_30","VERA306","ARROAM","CIMMYTMA-005626","A","H","A",19.509446,-97.200757,3017,2,325,714,"P3",333,3.09,0,0.8,45.1,331.9,25.4,25.1,13.8
"MZ65174",27,"Mex_12.High","ZACA134","CONNOR","CIMMYTMA-019483","M","H","M.H",22.902593,-103.478062,2019,2,335,714,"P3",333,3.71,0,1.1,24.5,389.1,19.8,22.5,23
"MZ65175",90,"SA_20.Low","LOR.16","","CIMMYTMA-026029","S","L","S.L",-7.221746,-75.298185,137,2,345,714,"P3",333,4.59,0,1,17,390.7,25.2,16.8,28.6
"MZ65176",96,"SA_23.High","BOYA371","SABANE","CIMMYTMA-022843","S","H","S.H",5.399671,-73.101212,2150,2,355,714,"P3",333,4.15,0,1,18,474.8,19.3,21.01,25.38
"MZ65177",21,"C_4","","","Mo17","C","N","C",NA,NA,NA,2,365,714,"P3",333,3.4,0,1,19,278.3,21.5,14,10.8
"MZ65178",127,"AN_28","VERA35","PALOME","CIMMYTMA-001531","A","H","A",19.539917,-97.251249,2451,2,375,714,"P3",333,2.29,0,1,35,396.9,24,22.34,15.03
"MZ65179",61,"Mex_30.Low","QUER50","TUXPEN","CIMMYTMA-000547","M","L","M.L",21.445085,-99.632358,562,2,385,714,"P3",333,7.4,0,1,20,377.8,20.3,16.8,24.5
"MZ65180",66,"Mex_6.High","OAXA724","BOLITA","CIMMYTMA-020218","M","H","M.H",16.9,-96.26666667,2164,2,395,714,"P3",333,4.18,0,1.2,15.5,422.7,20.3,18.1,19
"MZ65181",83,"SA_17.Low","BOZM0258","CUBAAM","CIMMYTMA-014287","S","L","S.L",-22.537684,-64.40514,559,2,285,724,"P3",333,4.83,0,1.3,17,343.9,21.4,16.84,25.18
"MZ65182",54,"Mex_26.Low","VERA118","TUXPEN","CIMMYTMA-002345","M","L","M.L",19.855393,-96.708139,372,2,295,724,"P3",333,3.63,0,1,21.5,419.2,26.2,18.81,20.7
"MZ65183",69,"Mex_8.Low","COLI26","","CIMMYTMA-023180","M","L","M.L",19.33205,-103.731987,720,2,305,724,"P3",333,3.71,0,1,18.8,488.6,24.9,18.47,24.07
"MZ65184",136,"AN_16","MICH329","CONICO","CIMMYTMA-005589","A","H","A",19.68333333,-101.9666667,2292,2,315,724,"P3",333,3.94,0,1,27.2,420.3,21.1,20.03,20.23
"MZ65185",72,"Mex_9.High","AGUC67","CONNOR","CIMMYTMA-027102","M","H","M.H",21.921424,-102.13202,2042,2,325,724,"P3",333,3.37,0,1,30.3,329.3,21.2,21.04,13.46
"MZ65186",25,"Mex_10.Low","OAXA520","ZAPCHI","CIMMYTMA-025027","M","L","M.L",16.478858,-95.001338,28,2,335,724,"P3",333,3.22,0,1,19.4,379.6,25.3,18.2,19.4
"MZ65187",125,"AN_13","MICH195","CHALQU","CIMMYTMA-001456","A","H","A",19.66666667,-101.9166667,2430,2,345,724,"P3",333,3.24,0,1,25.4,265.1,11.7,16.7,13.8
"MZ65188",59,"Mex_3.Low","VERA77","TUXPEN","CIMMYTMA-002335","M","L","M.L",20.43027778,-97.382222,109,2,355,724,"P3",333,4.79,0,0.9,18,370.3,20.8,15.5,16.5
"MZ65189",113,"SA_6.High","ANC.526","","CIMMYTMA-012085","S","H","S.H",-9.385108,-77.240432,3524,2,365,724,"P3",333,3.53,0,1,19,348.5,22.6,14,15.8
"MZ65190",17,"C_3","","","CML530","C","N","C",NA,NA,NA,2,375,724,"P3",333,3.51,0,1,17,279.5,28.8,12.7,11.8
"MZ65191",22,"C_4","","","Mo17","C","N","C",NA,NA,NA,2,385,724,"P3",333,3.3,0,1.1,17.4,275.7,21.2,12.59,13.17
"MZ65192",114,"SA_6.Low","UCAYAL9","","CIMMYTMA-014588","S","L","S.L",-9.028934,-75.513495,306,2,395,724,"P3",333,3.14,0,1,13.2,305,19.6,13.93,19.46
"MZ65193",80,"SA_13.Low","PERU611","","CIMMYTMA-008367","S","L","S.L",-12.130747,-76.950627,305,2,285,733,"P3",333,3.96,0,1,16.5,324.7,28,13.03,24.75
"MZ65194",46,"Mex_21.Low","CHIS 26","TEPECI","CIMMYTMA-000743","M","L","M.L",15.420631,-92.899516,35,2,295,733,"P3",333,6.66,0,1,18,395.6,19.5,16.7,20.2
"MZ65195",100,"SA_26.High","ECUA8833","MISHCA","CIMMYTMA-021797","S","H","S.H",-0.148041,-78.457937,2890,2,305,733,"P3",333,5.55,0,1,23,455.7,23.4,19,17.3
"MZ65196",16,"C_3","","","CML530","C","N","C",NA,NA,NA,2,315,733,"P3",333,3.39,0,1,18.5,300.1,30.8,14,12.5
"MZ65197",99,"SA_26.Low","ECUA652","","CIMMYTMA-017379","S","L","S.L",-1.066298,-80.44021,36,2,325,733,"P3",333,4.09,0,0.8,22,355.4,22.6,13.95,23.13
"MZ65198",106,"SA_29.Low","ARZM07041","PERLIT","CIMMYTMA-026714","S","L","S.L",-23.78,-61.48,175,2,335,733,"P3",333,2.82,0,0.8,19,377.5,25.5,14.2,18.8
"MZ65199",118,"SA_8.Low","SNMART124","","CIMMYTMA-026062","S","L","S.L",-7.174336,-76.692725,269,2,345,733,"P3",333,3.95,0,1,14.5,316.3,24.4,11.96,17.64
"MZ65200",32,"Mex_14.High","OAXA350","CONICO","CIMMYTMA-006081","M","H","M.H",17.190837,-97.867153,2338,2,355,733,"P3",333,2.9,0,0.8,18.1,311.6,18.6,14.6,21.9
"MZ65201",28,"Mex_12.Low","SNLP143","CONICO","CIMMYTMA-023628","M","L","M.L",21.93333333,-100,994,2,365,733,"P3",333,4.99,0,1,16.5,381.5,26.4,15.41,28.94
"MZ65202",123,"AN_21","MEXI84","CONICO","CIMMYTMA-001380","A","H","A",19.448336,-100.18125,2939,2,375,733,"P3",333,3.11,0,1,30.3,317.6,22.1,17.93,19.73
"MZ65203",92,"SA_21.Low","PERU1124","ENANO","CIMMYTMA-009025","S","L","S.L",-12,-70.25,234,2,385,733,"P3",333,3.03,0,1,17.7,319.1,22.7,NA,NA
"MZ65204",11,"C_2","","","PT","C","N","C",NA,NA,NA,2,395,733,"P3",333,2.06,0,1,22,279,34.3,16.8,21.1
"MZ65205",37,"Mex_18.High","JALI576","CELAYA","CIMMYTMA-021313","M","H","M.H",21.01666667,-102.1666667,2055,2,285,743,"P3",333,3.37,0,1,21.1,360.8,20,17.55,24.75
"MZ65206",102,"SA_27.High","CUZ.290","","CIMMYTMA-024902","S","H","S.H",-13.950973,-71.744682,3061,2,295,743,"P3",333,7.64,1,0.9,28.5,377.8,19,23.2,20.03
"MZ65207",89,"SA_20.High","CAJ.138","","CIMMYTMA-024894","S","H","S.H",-6.55,-78.65,2391,2,305,743,"P3",333,3.82,1,0.9,26.4,311.7,23,18.3,23.8
"MZ65208",87,"SA_2.High","HVCA.15","","CIMMYTMA-012291","S","H","S.H",-12.634544,-74.86529,3263,2,315,743,"P3",333,3.66,1,1.1,22.4,415.6,24.2,20.64,22.2
"MZ65209",120,"SA_9.High","CUZ.351","PISCCO","CIMMYTMA-018242","S","H","S.H",-13.420293,-72.2085,3326,2,325,743,"P3",333,4.43,0,0.8,23,260.1,19.6,17.19,27.24
"MZ65210",47,"Mex_22.High","GUAN333","","CIMMYTMA-013771","M","H","M.H",21.48333333,-101.2166667,2091,2,335,743,"P3",333,3.72,0,1,32.5,317,19.1,16.3,11.9
"MZ65211",77,"SA_11.Low","BOZM0708","CUBAAM","CIMMYTMA-014998","S","L","S.L",-16.777628,-60.657169,300,2,345,743,"P3",333,4.61,1,1.6,16.9,194.6,28.4,8.9,12.4
"MZ65212",116,"SA_7.Low","BOLI1060","","CIMMYTMA-017281","S","L","S.L",-14.389555,-65.195133,149,2,355,743,"P3",333,3.57,0,1.3,14.5,534.6,22.9,16.7,13.4
"MZ65213",117,"SA_8.High","LIB.114","SHAJAT","CIMMYTMA-012342","S","H","S.H",-7.804269,-78.041914,3217,2,365,743,"P3",333,5.31,0,0.8,22,318.6,15,14.83,15.33
"MZ65214",20,"C_4","","","Mo17","C","N","C",NA,NA,NA,2,375,743,"P3",333,3.37,0,1.2,19,244,22,15.4,11.5
"MZ65215",49,"Mex_23.High","JALI637","CELAYA","CIMMYTMA-021332","M","H","M.H",20.81666667,-102.6666667,2017,2,385,743,"P3",333,5.46,0,1,20,218.5,21,12.1,12.6
"MZ65216",51,"Mex_24.High","QUER111","","CIMMYTMA-025151","M","H","M.H",20.175815,-100.139433,2674,2,395,743,"P3",333,6.62,0,1,24.5,392.1,24.1,17.37,19.54
"MZ65217",23,"C_4","","","Mo17","C","N","C",NA,NA,NA,2,285,753,"P3",333,3.35,0,1,25,275.6,26.1,14.11,12.4
"MZ65218",68,"Mex_7.Low","VERA126","TUXPEN","CIMMYTMA-000686","M","L","M.L",18.589859,-95.436809,30,2,295,753,"P3",333,7.08,0,1,16.5,382.3,19.9,15.34,12.57
"MZ65219",103,"SA_28.High","PIUR106","","CIMMYTMA-012440","S","H","S.H",-4.635925,-79.710107,2641,2,305,753,"P3",333,3.8,0,1,20.6,388.2,24.5,16.6,23.8
"MZ65220",95,"SA_23.Low","CALD369","","CIMMYTMA-019738","S","L","S.L",5.32,-74.92,840,2,315,753,"P3",333,4.44,0,0.8,15,274.9,19.9,13.04,21.64
"MZ65221",131,"AN_25","MEXI386","CONICO","CIMMYTMA-019359","A","H","A",19.03333333,-100.0333333,1956,2,325,753,"P3",333,4.18,0,1,24.5,398.8,17.4,20.3,22
"MZ65222",108,"SA_3.High","ECUAX14210","MEZCLA","CIMMYTMA-013311","S","H","S.H",-3.620286,-79.237167,2497,2,335,753,"P3",333,6.71,0,0.3,21.5,105.6,30.9,4,2.04
"MZ65223",40,"Mex_19.Low","NAYA223","BOFO","CIMMYTMA-023971","M","L","M.L",22.274119,-104.469957,648,2,345,753,"P3",333,3.76,1,1,16.5,296,23.7,14.61,21.77
"MZ65224",76,"SA_10.High","CHZM01070","HARTAR","CIMMYTMA-014497","S","H","S.H",-19.314057,-69.419454,2430,2,355,753,"P3",333,5.06,0,0.5,25,202.1,30,9.9,10.5
"MZ65225",58,"Mex_29.Low","SINA2","CHAPAL","CIMMYTMA-000861","M","L","M.L",24.824405,-107.460246,46,2,365,753,"P3",333,5.74,0,1,26,241.4,27,11.7,19.59
"MZ65226",133,"AN_29","VERA89","CONICO","CIMMYTMA-002336","A","H","A",19.61666667,-97.08333333,2634,2,375,753,"P3",333,2.91,0,1,20,296.9,26.2,16,17.9
"MZ65227",141,"AN_31","VERA321","ARROAM","CIMMYTMA-005638","A","H","A",19.61666667,-97.16666667,2552,2,385,753,"P3",333,2.7,0,NA,NA,NA,NA,NA,NA
"MZ65228",29,"Mex_13.High","QUER56","CONNOR","CIMMYTMA-001535","M","H","M.H",20.7,-99.8,2039,2,395,753,"P3",333,6.06,0,1,21.5,348.5,20,20,20.8
"MZ65229",34,"Mex_16.Low","SONO169","ONAVEN","CIMMYTMA-007344","M","L","M.L",29.43544,-110.367266,390,2,285,762,"P3",333,3.81,0,1,15.5,297.4,19.7,14.29,21.7
"MZ65230",10,"C_2","","","PT","C","N","C",NA,NA,NA,2,295,762,"P3",333,2,0,1,27,349.4,30.9,17.53,11.22
"MZ65231",39,"Mex_19.High","JALI348","CELAYA","CIMMYTMA-016642","M","H","M.H",21.88333333,-101.5833333,2213,2,305,762,"P3",333,4.61,1,1,31,524.7,22.4,28.5,26.6
"MZ65232",43,"Mex_20.High","CHIH515","CONNOR","CIMMYTMA-021154","M","H","M.H",28.55,-107.5,2046,2,315,762,"P3",333,3.71,1,1,19,367.7,22.9,24.06,24.09
"MZ65233",138,"AN_10","MICH374","MUSHIT","CIMMYTMA-005616","A","H","A",19.51666667,-101.7333333,2188,2,325,762,"P3",333,3.89,0,NA,NA,NA,NA,12.9,8.7
"MZ65234",119,"SA_9.Low","LIM.76","","CIMMYTMA-016832","S","L","S.L",-12.73333333,-76.46666667,260,2,335,762,"P3",333,3.31,0,0.9,24.5,464.9,21.2,17.2,26.5
"MZ65235",78,"SA_11.High","AREQ.164","","CIMMYTMA-018635","S","H","S.H",-16.471349,-71.47741,2495,2,345,762,"P3",333,6.02,0,1,22.5,399.5,22.6,23.7,16.7
"MZ65236",107,"SA_3.Low","ECUA","","CIMMYTMA-010248","S","L","S.L",-2.761385,-79.747472,2,2,355,762,"P3",333,3.57,0,1,34.5,435.6,20,14.9,19.34
"MZ65237",13,"C_3","","","CML530","C","N","C",NA,NA,NA,2,365,762,"P3",333,3.86,0,1,17,288.9,24.4,14.13,12.8
"MZ65238",130,"AN_23","MEXI250","CHALQU","CIMMYTMA-016600","A","H","A",19.622791,-98.914614,2259,2,375,762,"P3",333,4.12,0,NA,NA,NA,NA,NA,NA
"MZ65239",62,"Mex_30.High","GUAN4","CELAYA","CIMMYTMA-000554","M","H","M.H",21.01666667,-101.25,2064,2,385,762,"P3",333,9.31,0,1,13,410,23.4,16.2,26.5
"MZ65240",85,"SA_18.High","CUZ.196","","CIMMYTMA-012290","S","H","S.H",-13.52122,-73.720696,2813,2,395,762,"P3",333,4.35,0,1,20.5,296.3,25.2,13,16.7
"MZ65241",56,"Mex_28.High","CHIH140","GORDO","CIMMYTMA-007937","M","H","M.H",29.65,-108.25,2141,2,285,772,"P3",333,3.66,0,1,22,395.9,25.8,19,23.5
"MZ65242",18,"C_3","","","CML530","C","N","C",NA,NA,NA,2,295,772,"P3",333,3.64,0,1,17,325.8,23.6,15,11.6
"MZ65243",91,"SA_21.High","JUN.160","SNJERO","CIMMYTMA-024925","S","H","S.H",-11.904015,-75.321984,3315,2,305,772,"P3",333,5.98,0,0.9,21,329.3,24.8,15.89,16.13
"MZ65244",7,"C_2","","","PT","C","N","C",NA,NA,NA,2,315,772,"P3",333,1.99,0,1,34,238.2,25.9,19.7,14.4
"MZ65245",132,"AN_14","MICH414","MUSHIT","CIMMYTMA-002098","A","H","A",19.73333333,-102.0833333,2129,2,325,772,"P3",333,4.47,NA,NA,NA,NA,NA,NA,NA
"MZ65246",75,"SA_10.Low","CHZM01008","HARTAR","CIMMYTMA-014453","S","L","S.L",-19.010405,-69.865865,700,2,335,772,"P3",333,5.17,0,0.7,22,253.2,23.8,12.2,20
"MZ65247",112,"SA_4.Low","BOZM0704","CUBAAM","CIMMYTMA-028912","S","L","S.L",-17.41666667,-60.66666667,324,2,345,772,"P3",333,3.8,0,1,14,217.5,25.9,14.3,13
"MZ65248",84,"SA_17.High","ARGE521","","CIMMYTMA-008025","S","H","S.H",-23.2,-65.35,2973,2,355,772,"P3",333,3.13,0,1,23,360.8,19.6,20.3,16.8
"MZ65249",94,"SA_22.Low","PAS.18","","CIMMYTMA-026034","S","L","S.L",-10.33333333,-74.9,252,2,365,772,"P3",333,3.39,0,0.9,8,321.7,22.3,16.43,20.57
"MZ65250",142,"AN_32","VERA324","CHALQU","CIMMYTMA-005640","A","H","A",19.35,-97.15,2152,2,375,772,"P3",333,3.26,0,1,19,343,22.9,16.88,19.55
"MZ65251",36,"Mex_17.Low","BELI9","","CIMMYTMA-017793","M","L","M.L",17.08333333,-89.13333333,97,2,385,772,"P3",333,2.88,0,0.8,13.5,384.9,28.3,10.5,18.8
"MZ65252",19,"C_4","","","Mo17","C","N","C",NA,NA,NA,2,395,772,"P3",333,3.46,1,0.6,10,291.7,23.1,14.22,13.85
"MZ65253",88,"SA_2.Low","PERU1101","PIRICI","CIMMYTMA-009022","S","L","S.L",-12.623998,-73.094775,751,2,285,781,"P3",333,3.77,0,1,27.5,311.9,25.7,14.6,18.7
"MZ65254",109,"SA_31.Low","ECUA323","","CIMMYTMA-007876","S","L","S.L",-1.786495,-79.274037,98,2,295,781,"P3",333,3.56,0,0.8,19,324.1,18.3,15.3,24.59
"MZ65255",74,"SA_1.Low","BOLI434","","CIMMYTMA-016874","S","L","S.L",-17.898168,-63.308388,516,2,305,781,"P3",333,3.43,0,0.7,15,242.7,23.4,18.6,23.81
"MZ65256",139,"AN_11","MICH376","MUSHIT","CIMMYTMA-005618","A","H","A",19.28333333,-101.6333333,2293,2,315,781,"P3",333,3.73,0,1.1,27,373.8,24.6,17.8,19.9
"MZ65257",38,"Mex_18.Low","NAYA222","BOFO","CIMMYTMA-007076","M","L","M.L",21.71666667,-104.8833333,177,2,325,781,"P3",333,5.32,0,0.5,27.5,351.1,22.7,17.37,23.38
"MZ65258",8,"C_2","","","PT","C","N","C",NA,NA,NA,2,335,781,"P3",333,2.1,1,0.8,39.8,265.6,34.6,17.08,9.56
"MZ65259",2,"C_1","","","B73","C","N","C",NA,NA,NA,2,345,781,"P3",333,2.37,0,1,16,289.4,22.5,13.9,9.1
"MZ65260",30,"Mex_13.Low","NAYA149","TUXPEN","CIMMYTMA-007026","M","L","M.L",21.2,-105.1666667,8,2,355,781,"P3",333,5.31,1,0.8,16.8,377,26.8,14.9,24.6
"MZ65261",9,"C_2","","","PT","C","N","C",NA,NA,NA,2,365,781,"P3",333,1.84,1,0.8,30,308.2,25,17.65,8.39
"MZ65262",70,"Mex_8.High","PUEB384","CONICO","CIMMYTMA-007584","M","H","M.H",19.28333333,-98.43333333,2261,2,375,781,"P3",333,5.14,1,0.8,20.8,389.6,25.7,20.1,30.6
"MZ65263",4,"C_1","","","B73","C","N","C",NA,NA,NA,2,385,781,"P3",333,2.27,1,1.3,15,314.4,22.7,15.24,14.21
"MZ65264",24,"C_4","","","Mo17","C","N","C",NA,NA,NA,2,395,781,"P3",333,3.59,0,1,15,272.5,24.9,13.4,13.8
"MZ65265",124,"AN_22","MEXI66","CHALQU","CIMMYTMA-001395","A","H","A",19.412596,-100.121224,2568,2,285,791,"P3",333,3.84,1,1.1,24.5,401.2,25.2,19.2,20.9
"MZ65266",121,"AN_19","MICH230","VANDEN","CIMMYTMA-013353","A","H","A",19.469084,-102.06122,1902,2,295,791,"P3",333,3.16,1,1,20,272.1,28.6,15.45,19.97
"MZ65267",57,"Mex_29.High","DURA33","CONNOR","CIMMYTMA-013374","M","H","M.H",24.470342,-104.120767,2030,2,305,791,"P3",333,3.55,1,1.1,23,341.1,24.3,19.73,26.64
"MZ65268",79,"SA_13.High","PERU511","","CIMMYTMA-008361","S","H","S.H",-12.93333333,-74.25,2655,2,315,791,"P3",333,4.01,0,0.8,22,239,20.6,12.03,19.24
"MZ65269",50,"Mex_23.Low","VERA272","TUXPEN","CIMMYTMA-025845","M","L","M.L",21.51666667,-98.38333333,42,2,325,791,"P3",333,4.26,0,1,16.8,411.7,22,15.72,22.88
"MZ65270",86,"SA_18.Low","BOZM1162","","CIMMYTMA-015086","S","L","S.L",-14.31666667,-67.36666667,189,2,335,791,"P3",333,3.33,0,1,2.8,395.6,24.8,14.3,22.2
"MZ65271",14,"C_3","","","CML530","C","N","C",NA,NA,NA,2,345,791,"P3",333,3.65,1,1,6,368.9,21.3,15.3,16.8
"MZ65272",33,"Mex_16.High","CHIH474","CELAYA","CIMMYTMA-021113","M","H","M.H",28.53333333,-106.6333333,2141,2,355,791,"P3",333,4.66,1,1,25,363.9,20.2,19.4,22.5
"MZ65273",55,"Mex_28.Low","SONO115","TABPER","CIMMYTMA-007294","M","L","M.L",28.975149,-109.395459,454,2,365,791,"P3",333,4.91,0,1,17.5,302.6,24.5,NA,NA
"MZ65274",31,"Mex_14.Low","CHIS533","OLOTIL","CIMMYTMA-025041","M","L","M.L",16.7,-93.71666667,547,2,375,791,"P3",333,3.6,0,1,14.8,395.2,18.5,13.95,22.23
"MZ65275",26,"Mex_10.High","CHIS846","","CIMMYTMA-027432","M","H","M.H",16.75,-92.63,2131,2,385,791,"P3",333,5.65,0,0.7,20,317.8,25,14.19,16.63
"MZ65276",60,"Mex_3.High","MEX 48","CHALQU","CIMMYTMA-001398","M","H","M.H",19.698838,-99.099857,2247,2,395,791,"P3",333,8.6,0,1,23,347.3,27.5,14.5,6.2
"MZ65277",35,"Mex_17.High","OAXA69","","CIMMYTMA-013920","M","H","M.H",17.45,-97.21666667,2083,2,285,800,"P3",333,2.8,NA,NA,NA,NA,NA,NA,NA
"MZ65278",144,"AN_22","MICH411","CHALQU","CIMMYTMA-009187","A","H","A",19.518555,-101.219653,2229,2,295,800,"P3",333,5.02,1,1,24,267.5,18,19.2,31.9
"MZ65279",105,"SA_29.High","ARZM09063","PISING","CIMMYTMA-024483","S","H","S.H",-23.534009,-65.76493,3488,2,305,800,"P3",333,1.91,1,1,20.5,300.4,30,13.8,12.8
"MZ65280",42,"Mex_2.High","PUEB 32","CONICO","CIMMYTMA-002276","M","H","M.H",19.83333333,-98.03333333,2325,2,315,800,"P3",333,6.8,NA,NA,NA,NA,NA,NA,NA
"MZ65281",3,"C_1","","","B73","C","N","C",NA,NA,NA,2,325,800,"P3",333,2.16,1,1.2,15,298.1,19.7,12.98,12.85
"MZ65282",97,"SA_24.High","PERU675","","CIMMYTMA-012541","S","H","S.H",-9.176536,-77.723683,2453,2,335,800,"P3",333,6.3,1,0.9,19,278.1,26.2,14.36,NA
"MZ65283",12,"C_2","","","PT","C","N","C",NA,NA,NA,2,345,800,"P3",333,2.14,1,1.1,22,368.8,28.3,16.8,14
"MZ65284",104,"SA_28.Low","PIUR152","","CIMMYTMA-026035","S","L","S.L",-4.872712,-80.711375,49,2,355,800,"P3",333,2.98,1,1,21.9,320.2,21,15.6,18.9
"MZ65285",5,"C_1","","","B73","C","N","C",NA,NA,NA,2,365,800,"P3",333,2.45,1,1.2,13,320.5,23.8,13.3,12.2
"MZ65286",65,"Mex_6.Low","GUER127","","CIMMYTMA-016261","M","L","M.L",17.560971,-101.262247,52,2,375,800,"P3",333,3.7,1,1,12,240.4,22.7,10.6,13.8
"MZ65287",135,"AN_9","MICH320","CONICO","CIMMYTMA-005582","A","H","A",19.423751,-101.559319,2483,2,385,800,"P3",333,3.03,0,1,24.5,294.7,28.5,16.2,17
"MZ65288",134,"AN_8","MICH316","CELAYA","CIMMYTMA-005578","A","H","A",19.33333333,-101.4666667,2233,2,395,800,"P3",333,3.38,1,1,21,311.6,26.6,15.35,27.14
"MZ65289",114,"SA_6.Low","UCAYAL9","","CIMMYTMA-014588","S","L","S.L",-9.028934,-75.513495,306,3,85,860,"P3",333,3.14,0,1,12.5,436.4,24.7,13.84,21.41
"MZ65290",117,"SA_8.High","LIB.114","SHAJAT","CIMMYTMA-012342","S","H","S.H",-7.804269,-78.041914,3217,3,95,860,"P3",333,5.31,1,0.5,17,366.3,26.4,15.39,15.68
"MZ65291",38,"Mex_18.Low","NAYA222","BOFO","CIMMYTMA-007076","M","L","M.L",21.71666667,-104.8833333,177,3,104,860,"P3",333,5.32,1,0.6,17,409.6,20.5,17.67,16.45
"MZ65292",73,"SA_1.High","BOZM0881","","CIMMYTMA-015032","S","H","S.H",-17.55,-65.83333333,2725,3,114,860,"P3",333,4.32,1,0.7,18.5,406.9,28.1,16.2,17.3
"MZ65293",125,"AN_13","MICH195","CHALQU","CIMMYTMA-001456","A","H","A",19.66666667,-101.9166667,2430,3,123,860,"P3",333,3.24,1,0.7,18,275.5,21.5,12.55,6.09
"MZ65294",137,"AN_17","MICH348","MUSHIT","CIMMYTMA-005599","A","H","A",19.56666667,-102.2666667,2416,3,133,860,"P3",333,3.68,0,1,18,292.8,24,15.49,17.17
"MZ65295",2,"C_1","","","B73","C","N","C",NA,NA,NA,3,143,860,"P3",333,2.37,0,0.8,9.5,129.8,27.1,4.9,3.3
"MZ65296",14,"C_3","","","CML530","C","N","C",NA,NA,NA,3,152,860,"P3",333,3.65,0,0.8,17,330.2,23.7,11.51,5.34
"MZ65297",109,"SA_31.Low","ECUA323","","CIMMYTMA-007876","S","L","S.L",-1.786495,-79.274037,98,3,162,860,"P3",333,3.56,1,1,16,434.6,21,14.98,21.44
"MZ65298",18,"C_3","","","CML530","C","N","C",NA,NA,NA,3,171,860,"P3",333,3.64,1,1,17.8,251.6,20.8,14,13.7
"MZ65299",141,"AN_31","VERA321","ARROAM","CIMMYTMA-005638","A","H","A",19.61666667,-97.16666667,2552,3,181,860,"P3",333,2.7,0,NA,NA,NA,NA,NA,NA
"MZ65300",41,"Mex_2.Low","JALI386","","CIMMYTMA-023713","M","L","M.L",19.76666667,-104.35,907,3,190,860,"P3",333,5.69,1,1,19,455.5,21.5,17,21.8
"MZ65301",19,"C_4","","","Mo17","C","N","C",NA,NA,NA,3,85,870,"P3",333,3.46,1,1.2,14,319.3,21.4,15.99,14.3
"MZ65302",3,"C_1","","","B73","C","N","C",NA,NA,NA,3,95,870,"P3",333,2.16,1,0.8,13,256.5,24,10.35,8.33
"MZ65303",40,"Mex_19.Low","NAYA223","BOFO","CIMMYTMA-023971","M","L","M.L",22.274119,-104.469957,648,3,104,870,"P3",333,3.76,0,1.1,18,375.6,23.4,19.2,24.5
"MZ65304",86,"SA_18.Low","BOZM1162","","CIMMYTMA-015086","S","L","S.L",-14.31666667,-67.36666667,189,3,114,870,"P3",333,3.33,0,1.2,14,367,24.9,14.5,19.2
"MZ65305",16,"C_3","","","CML530","C","N","C",NA,NA,NA,3,123,870,"P3",333,3.39,1,0.8,18.5,357,22.3,16.06,15.62
"MZ65306",49,"Mex_23.High","JALI637","CELAYA","CIMMYTMA-021332","M","H","M.H",20.81666667,-102.6666667,2017,3,133,870,"P3",333,5.46,1,0,0,NA,NA,NA,NA
"MZ65307",57,"Mex_29.High","DURA33","CONNOR","CIMMYTMA-013374","M","H","M.H",24.470342,-104.120767,2030,3,143,870,"P3",333,3.55,1,1.8,29.2,334.9,27,19.72,18.19
"MZ65308",55,"Mex_28.Low","SONO115","TABPER","CIMMYTMA-007294","M","L","M.L",28.975149,-109.395459,454,3,152,870,"P3",333,4.91,1,0.7,21,331.5,23.5,15.9,17.7
"MZ65309",101,"SA_27.Low","ICA42","","CIMMYTMA-016818","S","L","S.L",-14.660126,-75.219284,236,3,162,870,"P3",333,4.03,1,0.8,29.5,397,15.5,15.8,18.45
"MZ65310",54,"Mex_26.Low","VERA118","TUXPEN","CIMMYTMA-002345","M","L","M.L",19.855393,-96.708139,372,3,171,870,"P3",333,3.63,1,1,21,340.7,22,18.29,16.46
"MZ65311",47,"Mex_22.High","GUAN333","","CIMMYTMA-013771","M","H","M.H",21.48333333,-101.2166667,2091,3,181,870,"P3",333,3.72,1,1.2,25,345.2,20.2,18.7,13.8
"MZ65312",17,"C_3","","","CML530","C","N","C",NA,NA,NA,3,190,870,"P3",333,3.51,1,0.7,9.6,144.4,23.5,4.53,2.39
"MZ65313",51,"Mex_24.High","QUER111","","CIMMYTMA-025151","M","H","M.H",20.175815,-100.139433,2674,3,85,879,"P3",333,6.62,1,1.2,25.3,314.8,26.2,17.5,16.6
"MZ65314",76,"SA_10.High","CHZM01070","HARTAR","CIMMYTMA-014497","S","H","S.H",-19.314057,-69.419454,2430,3,95,879,"P3",333,5.06,1,1.1,22,382.7,27.1,18.99,21.03
"MZ65315",22,"C_4","","","Mo17","C","N","C",NA,NA,NA,3,104,879,"P3",333,3.3,1,0.8,19,304.9,22.1,15.72,9.93
"MZ65316",25,"Mex_10.Low","OAXA520","ZAPCHI","CIMMYTMA-025027","M","L","M.L",16.478858,-95.001338,28,3,114,879,"P3",333,3.22,1,1.1,12.5,336.3,20.5,19.3,18.6
"MZ65317",33,"Mex_16.High","CHIH474","CELAYA","CIMMYTMA-021113","M","H","M.H",28.53333333,-106.6333333,2141,3,123,879,"P3",333,4.66,1,0.8,25.5,467.7,24,24.92,18.35
"MZ65318",102,"SA_27.High","CUZ.290","","CIMMYTMA-024902","S","H","S.H",-13.950973,-71.744682,3061,3,133,879,"P3",333,7.64,1,0.8,26.6,395.8,24.4,19.72,16.13
"MZ65319",97,"SA_24.High","PERU675","","CIMMYTMA-012541","S","H","S.H",-9.176536,-77.723683,2453,3,143,879,"P3",333,6.3,1,1,23,385.3,22.6,17.49,16.26
"MZ65320",37,"Mex_18.High","JALI576","CELAYA","CIMMYTMA-021313","M","H","M.H",21.01666667,-102.1666667,2055,3,152,879,"P3",333,3.37,1,1.1,26.5,379,29.2,15.9,11.3
"MZ65321",8,"C_2","","","PT","C","N","C",NA,NA,NA,3,162,879,"P3",333,2.1,1,0.7,23,322.4,21.6,16.2,10.4
"MZ65322",138,"AN_10","MICH374","MUSHIT","CIMMYTMA-005616","A","H","A",19.51666667,-101.7333333,2188,3,171,879,"P3",333,3.89,0,0,0,0,NA,NA,NA
"MZ65323",65,"Mex_6.Low","GUER127","","CIMMYTMA-016261","M","L","M.L",17.560971,-101.262247,52,3,181,879,"P3",333,3.7,1,1.1,23,351.2,24.7,12.15,16.83
"MZ65324",24,"C_4","","","Mo17","C","N","C",NA,NA,NA,3,190,879,"P3",333,3.59,1,0.8,14.3,252.9,28.4,10.9,14.1
"MZ65325",127,"AN_28","VERA35","PALOME","CIMMYTMA-001531","A","H","A",19.539917,-97.251249,2451,3,85,889,"P3",333,2.29,1,1.2,26.7,291.8,32.2,14.5,10.2
"MZ65326",78,"SA_11.High","AREQ.164","","CIMMYTMA-018635","S","H","S.H",-16.471349,-71.47741,2495,3,95,889,"P3",333,6.02,1,1.2,22,404.8,19.4,17.9,18.8
"MZ65327",52,"Mex_24.Low","NAYA312","","CIMMYTMA-025289","M","L","M.L",20.8,-104.4,800,3,104,889,"P3",333,5.06,1,1.2,18.3,455.8,23.1,22.7,15.3
"MZ65328",100,"SA_26.High","ECUA8833","MISHCA","CIMMYTMA-021797","S","H","S.H",-0.148041,-78.457937,2890,3,114,889,"P3",333,5.55,1,0.7,24,297.1,26.6,18.8,20
"MZ65329",136,"AN_16","MICH329","CONICO","CIMMYTMA-005589","A","H","A",19.68333333,-101.9666667,2292,3,123,889,"P3",333,3.94,0,0.4,17.6,79.6,38.9,3.54,1.13
"MZ65330",106,"SA_29.Low","ARZM07041","PERLIT","CIMMYTMA-026714","S","L","S.L",-23.78,-61.48,175,3,133,889,"P3",333,2.82,1,1.1,19.5,364.1,16.2,14.4,15.2
"MZ65331",59,"Mex_3.Low","VERA77","TUXPEN","CIMMYTMA-002335","M","L","M.L",20.43027778,-97.382222,109,3,143,889,"P3",333,4.79,0,0.7,18,315.8,26,12.64,9.98
"MZ65332",87,"SA_2.High","HVCA.15","","CIMMYTMA-012291","S","H","S.H",-12.634544,-74.86529,3263,3,152,889,"P3",333,3.66,1,0.8,17,419.3,20.7,15.8,12.63
"MZ65333",43,"Mex_20.High","CHIH515","CONNOR","CIMMYTMA-021154","M","H","M.H",28.55,-107.5,2046,3,162,889,"P3",333,3.71,1,0.9,29,518.5,23.2,21.2,16.3
"MZ65334",53,"Mex_26.High","MEXI193","","CIMMYTMA-018374","M","H","M.H",19.97,-99.52,2418,3,171,889,"P3",333,3.76,1,0.8,31.2,340.3,28.4,20.1,14.1
"MZ65335",9,"C_2","","","PT","C","N","C",NA,NA,NA,3,181,889,"P3",333,1.84,1,1,33,330.6,25.8,18.99,8.23
"MZ65336",67,"Mex_7.High","TLAX525","","CIMMYTMA-026945","M","H","M.H",19.31666667,-97.91666667,2492,3,190,889,"P3",333,3.63,1,0.7,24.5,439.7,23.5,18.96,13.7
"MZ65337",98,"SA_24.Low","PERU637","COLORA","CIMMYTMA-008993","S","L","S.L",-8.597077,-78.732381,14,3,85,898,"P3",333,5.94,1,0.9,17,385.5,24.5,18.24,23.98
"MZ65338",72,"Mex_9.High","AGUC67","CONNOR","CIMMYTMA-027102","M","H","M.H",21.921424,-102.13202,2042,3,95,898,"P3",333,3.37,1,1,33,409,20.5,24.6,12.2
"MZ65339",110,"SA_31.High","ECUA12675","","CIMMYTMA-028370","S","H","S.H",-1.180281,-78.559788,2753,3,104,898,"P3",333,4.7,1,0.8,28,403.5,23.7,18,11
"MZ65340",120,"SA_9.High","CUZ.351","PISCCO","CIMMYTMA-018242","S","H","S.H",-13.420293,-72.2085,3326,3,114,898,"P3",333,4.43,1,0.9,29,401.1,22.8,16.03,18.34
"MZ65341",132,"AN_14","MICH414","MUSHIT","CIMMYTMA-002098","A","H","A",19.73333333,-102.0833333,2129,3,123,898,"P3",333,4.47,1,0.7,33,403.9,20.3,22.9,6.6
"MZ65342",12,"C_2","","","PT","C","N","C",NA,NA,NA,3,133,898,"P3",333,2.14,1,0.8,36,368.6,21.1,18.13,9.19
"MZ65343",56,"Mex_28.High","CHIH140","GORDO","CIMMYTMA-007937","M","H","M.H",29.65,-108.25,2141,3,143,898,"P3",333,3.66,1,0.7,24,484.8,22.6,22.07,11.1
"MZ65344",20,"C_4","","","Mo17","C","N","C",NA,NA,NA,3,152,898,"P3",333,3.37,1,0.9,19,271.5,29.8,13.8,7.9
"MZ65345",69,"Mex_8.Low","COLI26","","CIMMYTMA-023180","M","L","M.L",19.33205,-103.731987,720,3,162,898,"P3",333,3.71,1,0.9,22.5,341,20.2,17.89,15.76
"MZ65346",91,"SA_21.High","JUN.160","SNJERO","CIMMYTMA-024925","S","H","S.H",-11.904015,-75.321984,3315,3,171,898,"P3",333,5.98,1,0.7,24.5,408.6,24.1,17.17,14.81
"MZ65347",10,"C_2","","","PT","C","N","C",NA,NA,NA,3,181,898,"P3",333,2,1,0.9,34,382.3,21,19.77,11.65
"MZ65348",103,"SA_28.High","PIUR106","","CIMMYTMA-012440","S","H","S.H",-4.635925,-79.710107,2641,3,190,898,"P3",333,3.8,1,0.7,16.4,345.1,25,15.91,17.6
"MZ65349",28,"Mex_12.Low","SNLP143","CONICO","CIMMYTMA-023628","M","L","M.L",21.93333333,-100,994,3,85,908,"P3",333,4.99,1,0.9,19,380.4,26,16.9,21.31
"MZ65350",134,"AN_8","MICH316","CELAYA","CIMMYTMA-005578","A","H","A",19.33333333,-101.4666667,2233,3,95,908,"P3",333,3.38,1,0.8,29,510.9,24.9,20.61,20.16
"MZ65351",129,"AN_33","PUEB542","PALOME","CIMMYTMA-016446","A","H","A",19.28333333,-97.33333333,2514,3,104,908,"P3",333,2.24,1,0.7,36,318.2,17,18.9,8
"MZ65352",27,"Mex_12.High","ZACA134","CONNOR","CIMMYTMA-019483","M","H","M.H",22.902593,-103.478062,2019,3,114,908,"P3",333,3.71,1,0.8,30,399.4,23,24.72,17.08
"MZ65353",92,"SA_21.Low","PERU1124","ENANO","CIMMYTMA-009025","S","L","S.L",-12,-70.25,234,3,123,908,"P3",333,3.03,1,0.8,16,415.2,23.9,17.5,15.8
"MZ65354",80,"SA_13.Low","PERU611","","CIMMYTMA-008367","S","L","S.L",-12.130747,-76.950627,305,3,133,908,"P3",333,3.96,1,0.8,20,433.5,29.7,17.39,15.27
"MZ65355",94,"SA_22.Low","PAS.18","","CIMMYTMA-026034","S","L","S.L",-10.33333333,-74.9,252,3,143,908,"P3",333,3.39,1,0.8,21.5,362.1,21.9,15.32,14.12
"MZ65356",121,"AN_19","MICH230","VANDEN","CIMMYTMA-013353","A","H","A",19.469084,-102.06122,1902,3,152,908,"P3",333,3.16,1,0.7,33.5,377.8,24.2,17.45,16.66
"MZ65357",70,"Mex_8.High","PUEB384","CONICO","CIMMYTMA-007584","M","H","M.H",19.28333333,-98.43333333,2261,3,162,908,"P3",333,5.14,1,1,24.5,432.8,29.3,17.39,17.4
"MZ65358",135,"AN_9","MICH320","CONICO","CIMMYTMA-005582","A","H","A",19.423751,-101.559319,2483,3,171,908,"P3",333,3.03,1,0.7,31,327.7,22.4,20.33,12.83
"MZ65359",58,"Mex_29.Low","SINA2","CHAPAL","CIMMYTMA-000861","M","L","M.L",24.824405,-107.460246,46,3,181,908,"P3",333,5.74,1,0.7,15,314.2,28.6,10.43,13.51
"MZ65360",82,"SA_14.High","PERU923","","CIMMYTMA-018202","S","H","S.H",-8.563063,-77.77292,3412,3,190,908,"P3",333,3.68,1,0.7,20,343.9,19.3,15.07,15.42
"MZ65361",39,"Mex_19.High","JALI348","CELAYA","CIMMYTMA-016642","M","H","M.H",21.88333333,-101.5833333,2213,3,85,918,"P3",333,4.61,1,1.1,26,386.9,25.5,15.06,NA
"MZ65362",5,"C_1","","","B73","C","N","C",NA,NA,NA,3,95,918,"P3",333,2.45,1,0.9,14,289.8,21.3,11.5,8.18
"MZ65363",13,"C_3","","","CML530","C","N","C",NA,NA,NA,3,104,918,"P3",333,3.86,1,1,18.5,329.3,29.9,14.93,12.05
"MZ65364",131,"AN_25","MEXI386","CONICO","CIMMYTMA-019359","A","H","A",19.03333333,-100.0333333,1956,3,114,918,"P3",333,4.18,1,1.2,31,412.8,25.1,24.7,14.8
"MZ65365",50,"Mex_23.Low","VERA272","TUXPEN","CIMMYTMA-025845","M","L","M.L",21.51666667,-98.38333333,42,3,123,918,"P3",333,4.26,1,0,0,0,NA,NA,NA
"MZ65366",71,"Mex_9.Low","HIDA184","CONICO","CIMMYTMA-020752","M","L","M.L",21.062344,-98.870068,436,3,133,918,"P3",333,3.39,1,0.8,30,428.9,27.2,18.22,15.96
"MZ65367",95,"SA_23.Low","CALD369","","CIMMYTMA-019738","S","L","S.L",5.32,-74.92,840,3,143,918,"P3",333,4.44,1,0.7,15,345.4,25.8,11.68,11.79
"MZ65368",130,"AN_23","MEXI250","CHALQU","CIMMYTMA-016600","A","H","A",19.622791,-98.914614,2259,3,152,918,"P3",333,4.12,1,1.2,21.1,417.5,26.7,19.08,17.47
"MZ65369",108,"SA_3.High","ECUAX14210","MEZCLA","CIMMYTMA-013311","S","H","S.H",-3.620286,-79.237167,2497,3,162,918,"P3",333,6.71,1,0,0,0,NA,NA,NA
"MZ65370",142,"AN_32","VERA324","CHALQU","CIMMYTMA-005640","A","H","A",19.35,-97.15,2152,3,171,918,"P3",333,3.26,1,0.7,21,313.2,25.9,13.8,10
"MZ65371",124,"AN_22","MEXI66","CHALQU","CIMMYTMA-001395","A","H","A",19.412596,-100.121224,2568,3,181,918,"P3",333,3.84,1,1.2,35,444.3,17.8,29.12,10.55
"MZ65372",111,"SA_4.High","BOLI683","","CIMMYTMA-018676","S","H","S.H",-16.5,-68.15,3929,3,190,918,"P3",333,3.1,1,1,18,374.4,22.5,16.58,15.44
"MZ65373",66,"Mex_6.High","OAXA724","BOLITA","CIMMYTMA-020218","M","H","M.H",16.9,-96.26666667,2164,3,85,927,"P3",333,4.18,1,0.9,20,383.6,22.4,15.8,14.59
"MZ65374",6,"C_1","","","B73","C","N","C",NA,NA,NA,3,95,927,"P3",333,2.29,1,1,16,370.2,24.7,13.2,8.5
"MZ65375",84,"SA_17.High","ARGE521","","CIMMYTMA-008025","S","H","S.H",-23.2,-65.35,2973,3,104,927,"P3",333,3.13,1,0.7,22,360.6,25.1,17.9,11
"MZ65376",139,"AN_11","MICH376","MUSHIT","CIMMYTMA-005618","A","H","A",19.28333333,-101.6333333,2293,3,114,927,"P3",333,3.73,1,0.9,32,439.2,26.5,21.3,14.6
"MZ65377",1,"C_1","","","B73","C","N","C",NA,NA,NA,3,123,927,"P3",333,2.17,1,0.9,15,324.3,28.8,13.1,9.3
"MZ65378",85,"SA_18.High","CUZ.196","","CIMMYTMA-012290","S","H","S.H",-13.52122,-73.720696,2813,3,133,927,"P3",333,4.35,1,0.8,29,240.5,21.9,12.59,7.3
"MZ65379",60,"Mex_3.High","MEX 48","CHALQU","CIMMYTMA-001398","M","H","M.H",19.698838,-99.099857,2247,3,143,927,"P3",333,8.6,1,1.1,35,513.5,23,22.9,22.4
"MZ65380",144,"AN_22","MICH411","CHALQU","CIMMYTMA-009187","A","H","A",19.518555,-101.219653,2229,3,152,927,"P3",333,5.02,1,1,28,485,21.3,21.3,16.7
"MZ65381",93,"SA_22.High","HCO.140","","CIMMYTMA-018244","S","H","S.H",-9.408282,-76.557515,3135,3,162,927,"P3",333,5.48,1,0.9,23,362.6,25.8,19.7,14.51
"MZ65382",113,"SA_6.High","ANC.526","","CIMMYTMA-012085","S","H","S.H",-9.385108,-77.240432,3524,3,171,927,"P3",333,3.53,1,0.8,25,376,25.7,15.55,15.89
"MZ65383",122,"AN_26","MEXI210","PALOME","CIMMYTMA-001374","A","H","A",18.969351,-99.399159,2445,3,181,927,"P3",333,2.25,1,0.8,28,324.5,20.9,16.2,9.7
"MZ65384",99,"SA_26.Low","ECUA652","","CIMMYTMA-017379","S","L","S.L",-1.066298,-80.44021,36,3,190,927,"P3",333,4.09,1,0.8,18.5,423.7,22.8,16.43,16.43
"MZ65385",34,"Mex_16.Low","SONO169","ONAVEN","CIMMYTMA-007344","M","L","M.L",29.43544,-110.367266,390,3,85,937,"P3",333,3.81,1,1,18.5,404.9,23.4,18.9,13.3
"MZ65386",107,"SA_3.Low","ECUA","","CIMMYTMA-010248","S","L","S.L",-2.761385,-79.747472,2,3,95,937,"P3",333,3.57,1,0.9,16.5,346.2,25,17.3,17.1
"MZ65387",81,"SA_14.Low","SNMART111","","CIMMYTMA-014578","S","L","S.L",-8.444628,-76.471549,580,3,104,937,"P3",333,2.91,1,0.8,19,373.8,23,15.67,16.29
"MZ65388",21,"C_4","","","Mo17","C","N","C",NA,NA,NA,3,114,937,"P3",333,3.4,1,0.7,20,358,24.9,13.3,8.7
"MZ65389",118,"SA_8.Low","SNMART124","","CIMMYTMA-026062","S","L","S.L",-7.174336,-76.692725,269,3,123,937,"P3",333,3.95,1,0.9,22,317.4,21.7,11.91,9.81
"MZ65390",63,"Mex_5.High","SNLP176","","CIMMYTMA-014017","M","H","M.H",23.13333333,-101.1166667,2043,3,133,937,"P3",333,3.83,1,0.9,14,376.8,27.7,16.81,14.89
"MZ65391",36,"Mex_17.Low","BELI9","","CIMMYTMA-017793","M","L","M.L",17.08333333,-89.13333333,97,3,143,937,"P3",333,2.88,1,0.9,17.5,261.8,18.7,11.4,15.7
"MZ65392",23,"C_4","","","Mo17","C","N","C",NA,NA,NA,3,152,937,"P3",333,3.35,1,0.7,22,227.1,21.7,11.7,7.2
"MZ65393",29,"Mex_13.High","QUER56","CONNOR","CIMMYTMA-001535","M","H","M.H",20.7,-99.8,2039,3,162,937,"P3",333,6.06,1,0.9,30,413,34,11.76,4.45
"MZ65394",61,"Mex_30.Low","QUER50","TUXPEN","CIMMYTMA-000547","M","L","M.L",21.445085,-99.632358,562,3,171,937,"P3",333,7.4,NA,NA,NA,NA,NA,NA,NA
"MZ65395",133,"AN_29","VERA89","CONICO","CIMMYTMA-002336","A","H","A",19.61666667,-97.08333333,2634,3,181,937,"P3",333,2.91,1,1,23,350.9,22,24.5,13.5
"MZ65396",123,"AN_21","MEXI84","CONICO","CIMMYTMA-001380","A","H","A",19.448336,-100.18125,2939,3,190,937,"P3",333,3.11,1,1,12.5,460.7,20,18.08,15.04
"MZ65397",48,"Mex_22.Low","VERA201","TEPECI","CIMMYTMA-003266","M","L","M.L",21.1,-97.75,88,3,85,946,"P3",333,5.02,1,0.9,17,372.5,25,17.39,27.18
"MZ65398",30,"Mex_13.Low","NAYA149","TUXPEN","CIMMYTMA-007026","M","L","M.L",21.2,-105.1666667,8,3,95,946,"P3",333,5.31,1,1,22.5,374.6,18.7,14.84,23.97
"MZ65399",45,"Mex_21.High","GUAT434","OLOTON","CIMMYTMA-005266","M","H","M.H",15.28333333,-91.43333333,2071,3,104,946,"P3",333,5.35,1,0.8,23,466.8,24,NA,NA
"MZ65400",119,"SA_9.Low","LIM.76","","CIMMYTMA-016832","S","L","S.L",-12.73333333,-76.46666667,260,3,114,946,"P3",333,3.31,1,0.9,31,388.5,20,16.62,12.12
"MZ65401",128,"AN_24","MEXI103","CONICO","CIMMYTMA-016007","A","H","A",19.353139,-99.796835,2636,3,123,946,"P3",333,2.31,1,1,31,404.6,21.5,24.8,10.7
"MZ65402",42,"Mex_2.High","PUEB 32","CONICO","CIMMYTMA-002276","M","H","M.H",19.83333333,-98.03333333,2325,3,133,946,"P3",333,6.8,1,0.8,32,356.9,21.2,19.46,12.39
"MZ65403",7,"C_2","","","PT","C","N","C",NA,NA,NA,3,143,946,"P3",333,1.99,1,0.8,28,278.3,24.6,18.7,7.9
"MZ65404",140,"AN_30","VERA306","ARROAM","CIMMYTMA-005626","A","H","A",19.509446,-97.200757,3017,3,152,946,"P3",333,3.09,1,0.7,28,253.7,31,16.37,10.5
"MZ65405",11,"C_2","","","PT","C","N","C",NA,NA,NA,3,162,946,"P3",333,2.06,1,0.9,29.5,349.3,23.6,20.26,9.15
"MZ65406",44,"Mex_20.Low","COAH64","TUXPEN","CIMMYTMA-000449","M","L","M.L",28.26979,-100.726374,356,3,171,946,"P3",333,4.43,1,0.8,12,330.2,28,11.71,18.18
"MZ65407",79,"SA_13.High","PERU511","","CIMMYTMA-008361","S","H","S.H",-12.93333333,-74.25,2655,3,181,946,"P3",333,4.01,1,0.7,22.5,281.6,30.4,10.9,15
"MZ65408",126,"AN_20","MICH52","CONICO","CIMMYTMA-001467","A","H","A",19.652002,-100.593265,2180,3,190,946,"P3",333,4.19,NA,0,0,0,NA,NA,NA
"MZ65409",104,"SA_28.Low","PIUR152","","CIMMYTMA-026035","S","L","S.L",-4.872712,-80.711375,49,3,85,956,"P3",333,2.98,1,0.9,18.5,419.8,17.3,15.88,19.51
"MZ65410",46,"Mex_21.Low","CHIS 26","TEPECI","CIMMYTMA-000743","M","L","M.L",15.420631,-92.899516,35,3,95,956,"P3",333,6.66,1,0.8,13,385.3,21.2,16.64,20.2
"MZ65411",143,"AN_18","MICH336","TABLON","CIMMYTMA-008072","A","L","A",19.376847,-102.486984,1319,3,104,956,"P3",333,5.22,1,0.9,18,336.3,23.4,15.12,14.72
"MZ65412",89,"SA_20.High","CAJ.138","","CIMMYTMA-024894","S","H","S.H",-6.55,-78.65,2391,3,114,956,"P3",333,3.82,1,0.8,16,390.1,24,15.6,18.53
"MZ65413",68,"Mex_7.Low","VERA126","TUXPEN","CIMMYTMA-000686","M","L","M.L",18.589859,-95.436809,30,3,123,956,"P3",333,7.08,1,0.7,18,456.9,17.6,15.4,12.9
"MZ65414",115,"SA_7.High","APUC.169","CHUNCH","CIMMYTMA-012231","S","H","S.H",-13.650254,-72.89971,2154,3,133,956,"P3",333,3.69,1,0.8,23,334.4,25.4,15,14.1
"MZ65415",32,"Mex_14.High","OAXA350","CONICO","CIMMYTMA-006081","M","H","M.H",17.190837,-97.867153,2338,3,143,956,"P3",333,2.9,1,0.9,21.5,405.2,20.7,20.01,14.27
"MZ65416",74,"SA_1.Low","BOLI434","","CIMMYTMA-016874","S","L","S.L",-17.898168,-63.308388,516,3,152,956,"P3",333,3.43,1,0.9,14.5,445.1,23.3,17.1,15.8
"MZ65417",96,"SA_23.High","BOYA371","SABANE","CIMMYTMA-022843","S","H","S.H",5.399671,-73.101212,2150,3,162,956,"P3",333,4.15,1,1.1,20,389.3,28.2,17.17,21.18
"MZ65418",35,"Mex_17.High","OAXA69","","CIMMYTMA-013920","M","H","M.H",17.45,-97.21666667,2083,3,171,956,"P3",333,2.8,1,0.8,20.7,244.7,19.3,16.4,15
"MZ65419",77,"SA_11.Low","BOZM0708","CUBAAM","CIMMYTMA-014998","S","L","S.L",-16.777628,-60.657169,300,3,181,956,"P3",333,4.61,1,0.8,16,393.5,26.9,14.2,19.2
"MZ65420",75,"SA_10.Low","CHZM01008","HARTAR","CIMMYTMA-014453","S","L","S.L",-19.010405,-69.865865,700,3,190,956,"P3",333,5.17,1,0.8,11.6,375.9,16.9,15,22.3
"MZ65421",31,"Mex_14.Low","CHIS533","OLOTIL","CIMMYTMA-025041","M","L","M.L",16.7,-93.71666667,547,3,85,965,"P3",333,3.6,1,0.7,13.5,370.2,20.3,14.37,15.43
"MZ65422",15,"C_3","","","CML530","C","N","C",NA,NA,NA,3,95,965,"P3",333,3.33,1,0.9,14,289.3,24.7,12.44,12.85
"MZ65423",62,"Mex_30.High","GUAN4","CELAYA","CIMMYTMA-000554","M","H","M.H",21.01666667,-101.25,2064,3,104,965,"P3",333,9.31,1,0.8,18.5,NA,23.4,18.11,21.82
"MZ65424",112,"SA_4.Low","BOZM0704","CUBAAM","CIMMYTMA-028912","S","L","S.L",-17.41666667,-60.66666667,324,3,114,965,"P3",333,3.8,1,0.7,12,NA,26.6,9.57,16.46
"MZ65425",4,"C_1","","","B73","C","N","C",NA,NA,NA,3,123,965,"P3",333,2.27,1,0.9,12,NA,23.4,10.72,7.71
"MZ65426",116,"SA_7.Low","BOLI1060","","CIMMYTMA-017281","S","L","S.L",-14.389555,-65.195133,149,3,133,965,"P3",333,3.57,1,1,14,NA,27.2,17.44,18.01
"MZ65427",88,"SA_2.Low","PERU1101","PIRICI","CIMMYTMA-009022","S","L","S.L",-12.623998,-73.094775,751,3,143,965,"P3",333,3.77,1,1,15,NA,22.4,21.19,19.24
"MZ65428",105,"SA_29.High","ARZM09063","PISING","CIMMYTMA-024483","S","H","S.H",-23.534009,-65.76493,3488,3,152,965,"P3",333,1.91,1,0.8,17,NA,25.1,13.51,10.85
"MZ65429",90,"SA_20.Low","LOR.16","","CIMMYTMA-026029","S","L","S.L",-7.221746,-75.298185,137,3,162,965,"P3",333,4.59,1,1,13.5,NA,24,13.4,17.6
"MZ65430",83,"SA_17.Low","BOZM0258","CUBAAM","CIMMYTMA-014287","S","L","S.L",-22.537684,-64.40514,559,3,171,965,"P3",333,4.83,1,0.7,13,NA,23.5,10.1,11.6
"MZ65431",26,"Mex_10.High","CHIS846","","CIMMYTMA-027432","M","H","M.H",16.75,-92.63,2131,3,181,965,"P3",333,5.65,1,0.8,18,NA,19.5,15.74,17.31
"MZ65432",64,"Mex_5.Low","NAYA70","TABLON","CIMMYTMA-018888","M","L","M.L",22.417143,-105.46224,11,3,190,965,"P3",333,4.46,1,1.2,16.5,NA,19.2,19.91,18.48
"MZ65433",59,"Mex_3.Low","VERA77","TUXPEN","CIMMYTMA-002335","M","L","M.L",20.43027778,-97.382222,109,4,285,860,"P1",1,4.79,1,0.8,11,NA,6,8.32,1.153
"MZ65434",26,"Mex_10.High","CHIS846","","CIMMYTMA-027432","M","H","M.H",16.75,-92.63,2131,4,295,860,"P1",1,5.65,1,1.3,22.5,NA,12.3,14.91,21.64
"MZ65435",94,"SA_22.Low","PAS.18","","CIMMYTMA-026034","S","L","S.L",-10.33333333,-74.9,252,4,305,860,"P1",1,3.39,1,1,14,NA,26.2,12.06,20.07
"MZ65436",109,"SA_31.Low","ECUA323","","CIMMYTMA-007876","S","L","S.L",-1.786495,-79.274037,98,4,315,860,"P1",1,3.56,0,NA,NA,NA,28.6,7.47,10.2
"MZ65437",71,"Mex_9.Low","HIDA184","CONICO","CIMMYTMA-020752","M","L","M.L",21.062344,-98.870068,436,4,325,860,"P1",1,3.39,1,0.8,28,NA,26,12.59,12.5
"MZ65438",1,"C_1","","","B73","C","N","C",NA,NA,NA,4,335,860,"P1",1,2.17,1,0.5,8,NA,25.7,3.4,3.3
"MZ65439",36,"Mex_17.Low","BELI9","","CIMMYTMA-017793","M","L","M.L",17.08333333,-89.13333333,97,4,345,860,"P1",1,2.88,0,0.8,9,NA,27.4,4.78,9.45
"MZ65440",137,"AN_17","MICH348","MUSHIT","CIMMYTMA-005599","A","H","A",19.56666667,-102.2666667,2416,4,355,860,"P1",1,3.68,0,0.8,20.5,NA,26.4,9,10.6
"MZ65441",132,"AN_14","MICH414","MUSHIT","CIMMYTMA-002098","A","H","A",19.73333333,-102.0833333,2129,4,365,860,"P1",1,4.47,0,1,28,NA,24.5,15.96,16.39
"MZ65442",85,"SA_18.High","CUZ.196","","CIMMYTMA-012290","S","H","S.H",-13.52122,-73.720696,2813,4,375,860,"P1",1,4.35,0,0.8,15,NA,25.3,7.6,9.34
"MZ65443",69,"Mex_8.Low","COLI26","","CIMMYTMA-023180","M","L","M.L",19.33205,-103.731987,720,4,385,860,"P1",1,3.71,1,0.8,18.2,NA,28.2,10.09,18.64
"MZ65444",56,"Mex_28.High","CHIH140","GORDO","CIMMYTMA-007937","M","H","M.H",29.65,-108.25,2141,4,395,860,"P1",1,3.66,0,1.1,16,NA,18.1,11.9,13.3
"MZ65445",143,"AN_18","MICH336","TABLON","CIMMYTMA-008072","A","L","A",19.376847,-102.486984,1319,4,285,870,"P1",1,5.22,1,1.2,19,NA,23,13.71,20.97
"MZ65446",27,"Mex_12.High","ZACA134","CONNOR","CIMMYTMA-019483","M","H","M.H",22.902593,-103.478062,2019,4,295,870,"P1",1,3.71,1,0.8,28,NA,24.8,16.06,13.61
"MZ65447",87,"SA_2.High","HVCA.15","","CIMMYTMA-012291","S","H","S.H",-12.634544,-74.86529,3263,4,305,870,"P1",1,3.66,1,1,24,NA,19.4,17.46,17.65
"MZ65448",73,"SA_1.High","BOZM0881","","CIMMYTMA-015032","S","H","S.H",-17.55,-65.83333333,2725,4,315,870,"P1",1,4.32,1,0.6,23,NA,30.7,9.91,19.75
"MZ65449",88,"SA_2.Low","PERU1101","PIRICI","CIMMYTMA-009022","S","L","S.L",-12.623998,-73.094775,751,4,325,870,"P1",1,3.77,1,0.8,13,NA,23.5,7.2,8.5
"MZ65450",23,"C_4","","","Mo17","C","N","C",NA,NA,NA,4,335,870,"P1",1,3.35,1,0.8,12.5,NA,29.2,6.89,8.47
"MZ65451",121,"AN_19","MICH230","VANDEN","CIMMYTMA-013353","A","H","A",19.469084,-102.06122,1902,4,345,870,"P1",1,3.16,1,1,24,NA,23.7,12.94,17.4
"MZ65452",14,"C_3","","","CML530","C","N","C",NA,NA,NA,4,355,870,"P1",1,3.65,0,0.7,11.5,NA,24.7,6.6,6.6
"MZ65453",91,"SA_21.High","JUN.160","SNJERO","CIMMYTMA-024925","S","H","S.H",-11.904015,-75.321984,3315,4,365,870,"P1",1,5.98,1,0.7,24.5,NA,19.4,11.52,11.68
"MZ65454",105,"SA_29.High","ARZM09063","PISING","CIMMYTMA-024483","S","H","S.H",-23.534009,-65.76493,3488,4,375,870,"P1",1,1.91,0,0.5,17,NA,24.8,5.36,5.94
"MZ65455",70,"Mex_8.High","PUEB384","CONICO","CIMMYTMA-007584","M","H","M.H",19.28333333,-98.43333333,2261,4,385,870,"P1",1,5.14,1,0.9,23.5,NA,22.7,13.5,18.2
"MZ65456",95,"SA_23.Low","CALD369","","CIMMYTMA-019738","S","L","S.L",5.32,-74.92,840,4,395,870,"P1",1,4.44,1,1,29.7,NA,24.5,7.31,14.72
"MZ65457",120,"SA_9.High","CUZ.351","PISCCO","CIMMYTMA-018242","S","H","S.H",-13.420293,-72.2085,3326,4,285,879,"P1",1,4.43,1,1,16,NA,29.1,10.76,21.9
"MZ65458",124,"AN_22","MEXI66","CHALQU","CIMMYTMA-001395","A","H","A",19.412596,-100.121224,2568,4,295,879,"P1",1,3.84,1,0.9,23,NA,23,11.36,11.83
"MZ65459",62,"Mex_30.High","GUAN4","CELAYA","CIMMYTMA-000554","M","H","M.H",21.01666667,-101.25,2064,4,305,879,"P1",1,9.31,1,1.2,22.5,NA,26.5,18.97,25.04
"MZ65460",84,"SA_17.High","ARGE521","","CIMMYTMA-008025","S","H","S.H",-23.2,-65.35,2973,4,315,879,"P1",1,3.13,NA,NA,NA,NA,21.2,7,7.3
"MZ65461",111,"SA_4.High","BOLI683","","CIMMYTMA-018676","S","H","S.H",-16.5,-68.15,3929,4,325,879,"P1",1,3.1,0,1.5,15,NA,26.8,6.7,9.2
"MZ65462",3,"C_1","","","B73","C","N","C",NA,NA,NA,4,335,879,"P1",1,2.16,1,0.5,10,NA,23.3,4.65,3.35
"MZ65463",51,"Mex_24.High","QUER111","","CIMMYTMA-025151","M","H","M.H",20.175815,-100.139433,2674,4,345,879,"P1",1,6.62,1,0.6,24.9,NA,21.8,10.63,16.44
"MZ65464",101,"SA_27.Low","ICA42","","CIMMYTMA-016818","S","L","S.L",-14.660126,-75.219284,236,4,355,879,"P1",1,4.03,0,0.6,17,NA,32.2,8.26,13.51
"MZ65465",15,"C_3","","","CML530","C","N","C",NA,NA,NA,4,365,879,"P1",1,3.33,1,0.1,16.1,NA,24.1,11.44,11.31
"MZ65466",79,"SA_13.High","PERU511","","CIMMYTMA-008361","S","H","S.H",-12.93333333,-74.25,2655,4,375,879,"P1",1,4.01,0,0.4,27.4,NA,24.8,5.22,7.47
"MZ65467",89,"SA_20.High","CAJ.138","","CIMMYTMA-024894","S","H","S.H",-6.55,-78.65,2391,4,385,879,"P1",1,3.82,0,0.6,17.5,NA,24.3,8.5,14.31
"MZ65468",44,"Mex_20.Low","COAH64","TUXPEN","CIMMYTMA-000449","M","L","M.L",28.26979,-100.726374,356,4,395,879,"P1",1,4.43,1,NA,NA,NA,NA,NA,NA
"MZ65469",122,"AN_26","MEXI210","PALOME","CIMMYTMA-001374","A","H","A",18.969351,-99.399159,2445,4,285,889,"P1",1,2.25,1,0.7,17,NA,24,7.1,11.2
"MZ65470",117,"SA_8.High","LIB.114","SHAJAT","CIMMYTMA-012342","S","H","S.H",-7.804269,-78.041914,3217,4,295,889,"P1",1,5.31,1,0.9,21.7,NA,23.5,13.81,17.27
"MZ65471",65,"Mex_6.Low","GUER127","","CIMMYTMA-016261","M","L","M.L",17.560971,-101.262247,52,4,305,889,"P1",1,3.7,1,1.1,24.5,NA,24,6.37,8.35
"MZ65472",102,"SA_27.High","CUZ.290","","CIMMYTMA-024902","S","H","S.H",-13.950973,-71.744682,3061,4,315,889,"P1",1,7.64,1,0.8,25,NA,23.8,14.98,18.85
"MZ65473",55,"Mex_28.Low","SONO115","TABPER","CIMMYTMA-007294","M","L","M.L",28.975149,-109.395459,454,4,325,889,"P1",1,4.91,1,1,20,NA,16.1,18.03,24.53
"MZ65474",7,"C_2","","","PT","C","N","C",NA,NA,NA,4,335,889,"P1",1,1.99,1,0.8,26,NA,23,NA,NA
"MZ65475",33,"Mex_16.High","CHIH474","CELAYA","CIMMYTMA-021113","M","H","M.H",28.53333333,-106.6333333,2141,4,345,889,"P1",1,4.66,0,1.3,25,NA,29.4,19.38,23.45
"MZ65476",4,"C_1","","","B73","C","N","C",NA,NA,NA,4,355,889,"P1",1,2.27,0,0.4,10.5,NA,27.8,4.67,3.5
"MZ65477",139,"AN_11","MICH376","MUSHIT","CIMMYTMA-005618","A","H","A",19.28333333,-101.6333333,2293,4,365,889,"P1",1,3.73,0,0.7,21.8,NA,24.1,7.2,7.7
"MZ65478",110,"SA_31.High","ECUA12675","","CIMMYTMA-028370","S","H","S.H",-1.180281,-78.559788,2753,4,375,889,"P1",1,4.7,1,NA,NA,NA,NA,NA,NA
"MZ65479",135,"AN_9","MICH320","CONICO","CIMMYTMA-005582","A","H","A",19.423751,-101.559319,2483,4,385,889,"P1",1,3.03,1,0.8,23,NA,25.9,8.6,7.8
"MZ65480",24,"C_4","","","Mo17","C","N","C",NA,NA,NA,4,395,889,"P1",1,3.59,1,0.9,11.3,NA,26.9,7.1,8.4
"MZ65481",42,"Mex_2.High","PUEB 32","CONICO","CIMMYTMA-002276","M","H","M.H",19.83333333,-98.03333333,2325,4,285,898,"P1",1,6.8,1,0.4,15.5,NA,40.3,4.71,4.21
"MZ65482",13,"C_3","","","CML530","C","N","C",NA,NA,NA,4,295,898,"P1",1,3.86,1,0.9,15,NA,22.5,7.93,7.57
"MZ65483",57,"Mex_29.High","DURA33","CONNOR","CIMMYTMA-013374","M","H","M.H",24.470342,-104.120767,2030,4,305,898,"P1",1,3.55,1,1,23,NA,27,17.21,15.07
"MZ65484",128,"AN_24","MEXI103","CONICO","CIMMYTMA-016007","A","H","A",19.353139,-99.796835,2636,4,315,898,"P1",1,2.31,1,0.8,27.5,NA,23.5,12.4,6.2
"MZ65485",46,"Mex_21.Low","CHIS 26","TEPECI","CIMMYTMA-000743","M","L","M.L",15.420631,-92.899516,35,4,325,898,"P1",1,6.66,1,0.9,17,NA,25.1,12.98,13.17
"MZ65486",22,"C_4","","","Mo17","C","N","C",NA,NA,NA,4,335,898,"P1",1,3.3,1,0.6,15,NA,27.4,7.88,7.43
"MZ65487",98,"SA_24.Low","PERU637","COLORA","CIMMYTMA-008993","S","L","S.L",-8.597077,-78.732381,14,4,345,898,"P1",1,5.94,0,0.5,17.9,NA,28.6,7.8,8.8
"MZ65488",103,"SA_28.High","PIUR106","","CIMMYTMA-012440","S","H","S.H",-4.635925,-79.710107,2641,4,355,898,"P1",1,3.8,0,0.7,15,NA,36.3,5.34,10.58
"MZ65489",60,"Mex_3.High","MEX 48","CHALQU","CIMMYTMA-001398","M","H","M.H",19.698838,-99.099857,2247,4,365,898,"P1",1,8.6,1,0.7,27.5,NA,25.4,16.47,13.78
"MZ65490",45,"Mex_21.High","GUAT434","OLOTON","CIMMYTMA-005266","M","H","M.H",15.28333333,-91.43333333,2071,4,375,898,"P1",1,5.35,1,1,15,NA,28.7,12.3,17.2
"MZ65491",54,"Mex_26.Low","VERA118","TUXPEN","CIMMYTMA-002345","M","L","M.L",19.855393,-96.708139,372,4,385,898,"P1",1,3.63,0,NA,NA,NA,NA,NA,NA
"MZ65492",50,"Mex_23.Low","VERA272","TUXPEN","CIMMYTMA-025845","M","L","M.L",21.51666667,-98.38333333,42,4,395,898,"P1",1,4.26,1,1,10.5,NA,27.6,8.63,15.01
"MZ65493",92,"SA_21.Low","PERU1124","ENANO","CIMMYTMA-009025","S","L","S.L",-12,-70.25,234,4,285,908,"P1",1,3.03,1,0.7,12,NA,20.2,6.8,11.5
"MZ65494",140,"AN_30","VERA306","ARROAM","CIMMYTMA-005626","A","H","A",19.509446,-97.200757,3017,4,295,908,"P1",1,3.09,1,0.7,30,NA,31.8,14.98,10.81
"MZ65495",43,"Mex_20.High","CHIH515","CONNOR","CIMMYTMA-021154","M","H","M.H",28.55,-107.5,2046,4,305,908,"P1",1,3.71,1,0.7,26.6,NA,32.6,12.66,13.27
"MZ65496",114,"SA_6.Low","UCAYAL9","","CIMMYTMA-014588","S","L","S.L",-9.028934,-75.513495,306,4,315,908,"P1",1,3.14,0,0.7,14,NA,25.4,8.33,11.2
"MZ65497",86,"SA_18.Low","BOZM1162","","CIMMYTMA-015086","S","L","S.L",-14.31666667,-67.36666667,189,4,325,908,"P1",1,3.33,0,0.8,11,NA,22.4,9.26,15.7
"MZ65498",37,"Mex_18.High","JALI576","CELAYA","CIMMYTMA-021313","M","H","M.H",21.01666667,-102.1666667,2055,4,335,908,"P1",1,3.37,1,0.5,21.5,NA,29.3,10.99,16.18
"MZ65499",119,"SA_9.Low","LIM.76","","CIMMYTMA-016832","S","L","S.L",-12.73333333,-76.46666667,260,4,345,908,"P1",1,3.31,1,0.5,10.7,NA,27.2,9.36,18.36
"MZ65500",118,"SA_8.Low","SNMART124","","CIMMYTMA-026062","S","L","S.L",-7.174336,-76.692725,269,4,355,908,"P1",1,3.95,1,0.5,9.5,NA,28.5,5.44,6.91
"MZ65501",82,"SA_14.High","PERU923","","CIMMYTMA-018202","S","H","S.H",-8.563063,-77.77292,3412,4,365,908,"P1",1,3.68,1,0.7,21,NA,27.6,10.65,9.35
"MZ65502",17,"C_3","","","CML530","C","N","C",NA,NA,NA,4,375,908,"P1",1,3.51,1,1,15,NA,12.4,9.5,12.2
"MZ65503",141,"AN_31","VERA321","ARROAM","CIMMYTMA-005638","A","H","A",19.61666667,-97.16666667,2552,4,385,908,"P1",1,2.7,1,0.2,21,NA,30,2.83,1.63
"MZ65504",100,"SA_26.High","ECUA8833","MISHCA","CIMMYTMA-021797","S","H","S.H",-0.148041,-78.457937,2890,4,395,908,"P1",1,5.55,1,0.9,18,NA,19.6,12.62,20.98
"MZ65505",52,"Mex_24.Low","NAYA312","","CIMMYTMA-025289","M","L","M.L",20.8,-104.4,800,4,285,918,"P1",1,5.06,1,1,15,NA,24.9,16.17,24.19
"MZ65506",61,"Mex_30.Low","QUER50","TUXPEN","CIMMYTMA-000547","M","L","M.L",21.445085,-99.632358,562,4,295,918,"P1",1,7.4,1,0.7,15,NA,24.7,12.63,19.15
"MZ65507",127,"AN_28","VERA35","PALOME","CIMMYTMA-001531","A","H","A",19.539917,-97.251249,2451,4,305,918,"P1",1,2.29,1,0.8,21,NA,18.3,12.01,11.79
"MZ65508",28,"Mex_12.Low","SNLP143","CONICO","CIMMYTMA-023628","M","L","M.L",21.93333333,-100,994,4,315,918,"P1",1,4.99,1,0.5,21,NA,28.4,9,16.5
"MZ65509",31,"Mex_14.Low","CHIS533","OLOTIL","CIMMYTMA-025041","M","L","M.L",16.7,-93.71666667,547,4,325,918,"P1",1,3.6,0,1,15,NA,25.6,10.63,16.8
"MZ65510",8,"C_2","","","PT","C","N","C",NA,NA,NA,4,335,918,"P1",1,2.1,1,0.7,28.5,NA,21.5,9.63,16.63
"MZ65511",30,"Mex_13.Low","NAYA149","TUXPEN","CIMMYTMA-007026","M","L","M.L",21.2,-105.1666667,8,4,345,918,"P1",1,5.31,1,0.8,13,NA,24.9,9.04,15.74
"MZ65512",11,"C_2","","","PT","C","N","C",NA,NA,NA,4,355,918,"P1",1,2.06,0,NA,NA,NA,NA,NA,NA
"MZ65513",16,"C_3","","","CML530","C","N","C",NA,NA,NA,4,365,918,"P1",1,3.39,1,0.7,15.5,NA,24.2,9.44,11.61
"MZ65514",129,"AN_33","PUEB542","PALOME","CIMMYTMA-016446","A","H","A",19.28333333,-97.33333333,2514,4,375,918,"P1",1,2.24,1,0.7,21.4,NA,24.1,10.7,10.3
"MZ65515",12,"C_2","","","PT","C","N","C",NA,NA,NA,4,385,918,"P1",1,2.14,0,0.8,16.5,NA,27.2,6.53,5.17
"MZ65516",34,"Mex_16.Low","SONO169","ONAVEN","CIMMYTMA-007344","M","L","M.L",29.43544,-110.367266,390,4,395,918,"P1",1,3.81,1,1,13.5,NA,21,10.4,18.2
"MZ65517",19,"C_4","","","Mo17","C","N","C",NA,NA,NA,4,285,927,"P1",1,3.46,1,0.9,13.7,NA,20.1,8.11,9.67
"MZ65518",80,"SA_13.Low","PERU611","","CIMMYTMA-008367","S","L","S.L",-12.130747,-76.950627,305,4,295,927,"P1",1,3.96,1,0.8,20.5,NA,26.9,14.2,24.6
"MZ65519",48,"Mex_22.Low","VERA201","TEPECI","CIMMYTMA-003266","M","L","M.L",21.1,-97.75,88,4,305,927,"P1",1,5.02,1,0.7,13,NA,21,10,11.3
"MZ65520",131,"AN_25","MEXI386","CONICO","CIMMYTMA-019359","A","H","A",19.03333333,-100.0333333,1956,4,315,927,"P1",1,4.18,1,0.9,25,NA,20.8,14.03,24.97
"MZ65521",66,"Mex_6.High","OAXA724","BOLITA","CIMMYTMA-020218","M","H","M.H",16.9,-96.26666667,2164,4,325,927,"P1",1,4.18,1,0.8,23,NA,22.5,19.19,26.38
"MZ65522",25,"Mex_10.Low","OAXA520","ZAPCHI","CIMMYTMA-025027","M","L","M.L",16.478858,-95.001338,28,4,335,927,"P1",1,3.22,1,0.8,17,NA,22.1,14,20
"MZ65523",74,"SA_1.Low","BOLI434","","CIMMYTMA-016874","S","L","S.L",-17.898168,-63.308388,516,4,345,927,"P1",1,3.43,0,0.9,10.5,NA,21.5,10.5,13.6
"MZ65524",47,"Mex_22.High","GUAN333","","CIMMYTMA-013771","M","H","M.H",21.48333333,-101.2166667,2091,4,355,927,"P1",1,3.72,1,0.1,7.2,NA,26.3,0.72,0.53
"MZ65525",116,"SA_7.Low","BOLI1060","","CIMMYTMA-017281","S","L","S.L",-14.389555,-65.195133,149,4,365,927,"P1",1,3.57,1,1,12,NA,23.1,10.74,13.67
"MZ65526",144,"AN_22","MICH411","CHALQU","CIMMYTMA-009187","A","H","A",19.518555,-101.219653,2229,4,375,927,"P1",1,5.02,1,0.6,22.5,NA,24,11.9,16.9
"MZ65527",90,"SA_20.Low","LOR.16","","CIMMYTMA-026029","S","L","S.L",-7.221746,-75.298185,137,4,385,927,"P1",1,4.59,1,0.8,13,NA,28,11.4,10
"MZ65528",32,"Mex_14.High","OAXA350","CONICO","CIMMYTMA-006081","M","H","M.H",17.190837,-97.867153,2338,4,395,927,"P1",1,2.9,1,0.8,16,NA,29.5,8.82,14.71
"MZ65529",93,"SA_22.High","HCO.140","","CIMMYTMA-018244","S","H","S.H",-9.408282,-76.557515,3135,4,285,937,"P1",1,5.48,1,0.8,22,NA,23.1,15.3,13.44
"MZ65530",68,"Mex_7.Low","VERA126","TUXPEN","CIMMYTMA-000686","M","L","M.L",18.589859,-95.436809,30,4,295,937,"P1",1,7.08,1,0.8,14,NA,26.2,7.34,7.73
"MZ65531",104,"SA_28.Low","PIUR152","","CIMMYTMA-026035","S","L","S.L",-4.872712,-80.711375,49,4,305,937,"P1",1,2.98,1,0.8,21,NA,22.3,NA,17.7
"MZ65532",134,"AN_8","MICH316","CELAYA","CIMMYTMA-005578","A","H","A",19.33333333,-101.4666667,2233,4,315,937,"P1",1,3.38,1,0.6,25,NA,24.1,12,18.2
"MZ65533",29,"Mex_13.High","QUER56","CONNOR","CIMMYTMA-001535","M","H","M.H",20.7,-99.8,2039,4,325,937,"P1",1,6.06,NA,NA,NA,NA,NA,NA,NA
"MZ65534",49,"Mex_23.High","JALI637","CELAYA","CIMMYTMA-021332","M","H","M.H",20.81666667,-102.6666667,2017,4,335,937,"P1",1,5.46,1,0.6,14,NA,21.4,17.4,20.2
"MZ65535",96,"SA_23.High","BOYA371","SABANE","CIMMYTMA-022843","S","H","S.H",5.399671,-73.101212,2150,4,345,937,"P1",1,4.15,1,0.8,15,NA,15.7,13.32,19.41
"MZ65536",76,"SA_10.High","CHZM01070","HARTAR","CIMMYTMA-014497","S","H","S.H",-19.314057,-69.419454,2430,4,355,937,"P1",1,5.06,0,0.7,15,NA,30.4,8.1,9.6
"MZ65537",138,"AN_10","MICH374","MUSHIT","CIMMYTMA-005616","A","H","A",19.51666667,-101.7333333,2188,4,365,937,"P1",1,3.89,1,0.7,24,NA,24,9.61,10.1
"MZ65538",20,"C_4","","","Mo17","C","N","C",NA,NA,NA,4,375,937,"P1",1,3.37,1,0.5,11.5,NA,24.3,5.3,6.55
"MZ65539",2,"C_1","","","B73","C","N","C",NA,NA,NA,4,385,937,"P1",1,2.37,1,0.5,10,NA,24.2,3.64,3.11
"MZ65540",18,"C_3","","","CML530","C","N","C",NA,NA,NA,4,395,937,"P1",1,3.64,1,0.8,12,NA,19.7,6.35,8.14
"MZ65541",67,"Mex_7.High","TLAX525","","CIMMYTMA-026945","M","H","M.H",19.31666667,-97.91666667,2492,4,285,946,"P1",1,3.63,1,NA,NA,NA,NA,NA,NA
"MZ65542",75,"SA_10.Low","CHZM01008","HARTAR","CIMMYTMA-014453","S","L","S.L",-19.010405,-69.865865,700,4,295,946,"P1",1,5.17,1,5.6,17,NA,17,11.09,15.3
"MZ65543",40,"Mex_19.Low","NAYA223","BOFO","CIMMYTMA-023971","M","L","M.L",22.274119,-104.469957,648,4,305,946,"P1",1,3.76,1,0.6,15,NA,22.2,13.03,17.91
"MZ65544",10,"C_2","","","PT","C","N","C",NA,NA,NA,4,315,946,"P1",1,2,1,0.7,28,NA,22.1,10.4,8.9
"MZ65545",21,"C_4","","","Mo17","C","N","C",NA,NA,NA,4,325,946,"P1",1,3.4,1,0.6,15,NA,25.2,9.83,10.64
"MZ65546",78,"SA_11.High","AREQ.164","","CIMMYTMA-018635","S","H","S.H",-16.471349,-71.47741,2495,4,335,946,"P1",1,6.02,1,0.8,27,NA,28.4,17.59,22.08
"MZ65547",39,"Mex_19.High","JALI348","CELAYA","CIMMYTMA-016642","M","H","M.H",21.88333333,-101.5833333,2213,4,345,946,"P1",1,4.61,1,0.8,26,NA,24.9,13,15.9
"MZ65548",64,"Mex_5.Low","NAYA70","TABLON","CIMMYTMA-018888","M","L","M.L",22.417143,-105.46224,11,4,355,946,"P1",1,4.46,1,0.8,19,NA,20.7,13.3,17.5
"MZ65549",107,"SA_3.Low","ECUA","","CIMMYTMA-010248","S","L","S.L",-2.761385,-79.747472,2,4,365,946,"P1",1,3.57,0,0.5,15,NA,38.6,9,9.8
"MZ65550",35,"Mex_17.High","OAXA69","","CIMMYTMA-013920","M","H","M.H",17.45,-97.21666667,2083,4,375,946,"P1",1,2.8,1,0.6,21.2,NA,20.8,13.47,24.43
"MZ65551",83,"SA_17.Low","BOZM0258","CUBAAM","CIMMYTMA-014287","S","L","S.L",-22.537684,-64.40514,559,4,385,946,"P1",1,4.83,1,3.8,20.6,NA,19.3,NA,NA
"MZ65552",9,"C_2","","","PT","C","N","C",NA,NA,NA,4,395,946,"P1",1,1.84,1,0.5,21.4,NA,29.5,8,5.4
"MZ65553",38,"Mex_18.Low","NAYA222","BOFO","CIMMYTMA-007076","M","L","M.L",21.71666667,-104.8833333,177,4,285,956,"P1",1,5.32,1,0.9,11,NA,26.1,NA,NA
"MZ65554",81,"SA_14.Low","SNMART111","","CIMMYTMA-014578","S","L","S.L",-8.444628,-76.471549,580,4,295,956,"P1",1,2.91,1,0.8,15,NA,22.2,12.7,22.6
"MZ65555",115,"SA_7.High","APUC.169","CHUNCH","CIMMYTMA-012231","S","H","S.H",-13.650254,-72.89971,2154,4,305,956,"P1",1,3.69,1,0.5,16,NA,22.1,9.1,10.6
"MZ65556",99,"SA_26.Low","ECUA652","","CIMMYTMA-017379","S","L","S.L",-1.066298,-80.44021,36,4,315,956,"P1",1,4.09,1,0.8,13,NA,27.2,9.12,15.78
"MZ65557",136,"AN_16","MICH329","CONICO","CIMMYTMA-005589","A","H","A",19.68333333,-101.9666667,2292,4,325,956,"P1",1,3.94,1,0.5,23.5,NA,24.4,13.6,20.5
"MZ65558",142,"AN_32","VERA324","CHALQU","CIMMYTMA-005640","A","H","A",19.35,-97.15,2152,4,335,956,"P1",1,3.26,1,0.6,14,NA,31.5,6,8.9
"MZ65559",53,"Mex_26.High","MEXI193","","CIMMYTMA-018374","M","H","M.H",19.97,-99.52,2418,4,345,956,"P1",1,3.76,1,0.6,26,NA,27.2,13.9,10.1
"MZ65560",41,"Mex_2.Low","JALI386","","CIMMYTMA-023713","M","L","M.L",19.76666667,-104.35,907,4,355,956,"P1",1,5.69,1,0.8,18,NA,23.9,14.2,15.9
"MZ65561",125,"AN_13","MICH195","CHALQU","CIMMYTMA-001456","A","H","A",19.66666667,-101.9166667,2430,4,365,956,"P1",1,3.24,1,NA,NA,NA,NA,NA,NA
"MZ65562",77,"SA_11.Low","BOZM0708","CUBAAM","CIMMYTMA-014998","S","L","S.L",-16.777628,-60.657169,300,4,375,956,"P1",1,4.61,1,0.8,15.3,NA,26.3,11.6,13.78
"MZ65563",133,"AN_29","VERA89","CONICO","CIMMYTMA-002336","A","H","A",19.61666667,-97.08333333,2634,4,385,956,"P1",1,2.91,1,0.7,23.1,NA,31.3,11.5,15.2
"MZ65564",108,"SA_3.High","ECUAX14210","MEZCLA","CIMMYTMA-013311","S","H","S.H",-3.620286,-79.237167,2497,4,395,956,"P1",1,6.71,1,0.7,26.7,NA,25.8,9.99,14.44
"MZ65565",123,"AN_21","MEXI84","CONICO","CIMMYTMA-001380","A","H","A",19.448336,-100.18125,2939,4,285,965,"P1",1,3.11,1,0.7,18,NA,29.7,12.07,16.6
"MZ65566",63,"Mex_5.High","SNLP176","","CIMMYTMA-014017","M","H","M.H",23.13333333,-101.1166667,2043,4,295,965,"P1",1,3.83,1,0.7,19,NA,28.8,11.93,17.33
"MZ65567",106,"SA_29.Low","ARZM07041","PERLIT","CIMMYTMA-026714","S","L","S.L",-23.78,-61.48,175,4,305,965,"P1",1,2.82,1,1,11,NA,25.3,10.1,19.29
"MZ65568",72,"Mex_9.High","AGUC67","CONNOR","CIMMYTMA-027102","M","H","M.H",21.921424,-102.13202,2042,4,315,965,"P1",1,3.37,1,0.7,20.6,NA,27.8,6.95,4.02
"MZ65569",126,"AN_20","MICH52","CONICO","CIMMYTMA-001467","A","H","A",19.652002,-100.593265,2180,4,325,965,"P1",1,4.19,1,0.5,19.5,NA,26.9,5.34,7.6
"MZ65570",5,"C_1","","","B73","C","N","C",NA,NA,NA,4,335,965,"P1",1,2.45,1,1,11,NA,27,9.1,9.9
"MZ65571",6,"C_1","","","B73","C","N","C",NA,NA,NA,4,345,965,"P1",1,2.29,1,0.7,10,NA,25.1,5.94,6
"MZ65572",112,"SA_4.Low","BOZM0704","CUBAAM","CIMMYTMA-028912","S","L","S.L",-17.41666667,-60.66666667,324,4,355,965,"P1",1,3.8,1,0.7,11,NA,26.7,10.09,21.53
"MZ65573",97,"SA_24.High","PERU675","","CIMMYTMA-012541","S","H","S.H",-9.176536,-77.723683,2453,4,365,965,"P1",1,6.3,1,0.6,15,NA,22,8.8,20.3
"MZ65574",130,"AN_23","MEXI250","CHALQU","CIMMYTMA-016600","A","H","A",19.622791,-98.914614,2259,4,375,965,"P1",1,4.12,1,1,23.5,NA,23.3,16.4,27.1
"MZ65575",113,"SA_6.High","ANC.526","","CIMMYTMA-012085","S","H","S.H",-9.385108,-77.240432,3524,4,385,965,"P1",1,3.53,1,0.5,12,NA,28.6,6.3,10.6
"MZ65576",58,"Mex_29.Low","SINA2","CHAPAL","CIMMYTMA-000861","M","L","M.L",24.824405,-107.460246,46,4,395,965,"P1",1,5.74,1,0.5,8,NA,28.6,5.1,12.11
